date,soil_moisture,temperature_max_c,ndvi,rainfall_mm
2018-01-01,0.27483570765056164,22.603659210754838,0.21246926413720635,0.0
2018-01-02,0.25261146175417704,20.250468641764535,0.21246926413720635,0.0
2018-01-03,0.27345253735977737,21.291940676875377,0.21246926413720635,0.0
2018-01-04,0.3103418061822141,20.963579784907157,0.21246926413720635,0.0
2018-01-05,0.25990717373934746,23.73697508348933,0.21246926413720635,0.0
2018-01-06,0.2447773586285829,21.185182879520212,0.21246926413720635,0.0
2018-01-07,0.30370565613133355,23.000914362100993,0.21246926413720635,0.0
2018-01-08,0.2929719123597519,26.021231908596594,0.21246926413720635,0.0
2018-01-09,0.24645997020020222,24.525815691673408,0.21246926413720635,0.0
2018-01-10,0.2679275925855694,21.123885266465823,0.21246926413720635,0.0
2018-01-11,0.2391586585272346,21.314624101625867,0.21246926413720635,0.0
2018-01-12,0.23044705618321137,22.926285107558854,0.21246926413720635,0.0
2018-01-13,0.2526027963597746,18.68942485489118,0.21246926413720635,0.0
2018-01-14,0.18381603034490945,20.316639048508584,0.21246926413720635,0.0
2018-01-15,0.16977268496551667,23.043642627307964,0.21246926413720635,0.0
2018-01-16,0.20625174196622095,21.829151113529708,0.21246926413720635,0.0
2018-01-17,0.20142643337816143,25.970947623927152,0.315817866235591,0.0
2018-01-18,0.24642658665428302,20.88962026609136,0.315817866235591,0.0
2018-01-19,0.21714713335304253,20.061583860048962,0.315817866235591,0.0
2018-01-20,0.19071351045917756,20.4077001199635,0.315817866235591,0.0
2018-01-21,0.28351176005000767,22.249597659337688,0.315817866235591,0.0
2018-01-22,0.25215135749797357,21.93733607594423,0.315817866235591,0.0
2018-01-23,0.25300889441346935,26.760080079148807,0.315817866235591,0.0
2018-01-24,0.2010364818065698,21.544369186400406,0.315817866235591,0.0
2018-01-25,0.21625754918358955,22.497591288006134,0.315817866235591,0.0
2018-01-26,0.24375955539492217,24.20601536447118,0.315817866235591,0.0
2018-01-27,0.20784309140869603,22.273473714362595,0.315817866235591,0.0
2018-01-28,0.2505023580647073,23.655250094232215,0.315817866235591,0.0
2018-01-29,0.229128353272254,23.391252692481398,0.315817866235591,0.0
2018-01-30,0.23352922473891152,24.336037757065345,0.315817866235591,0.0
2018-01-31,0.22399903599364457,19.90882682341488,0.315817866235591,0.0
2018-02-01,0.3070294472559062,24.405985950103457,0.315817866235591,0.0
2018-02-02,0.26663643131094417,22.582152828864643,0.3123070014321715,0.0
2018-02-03,0.2179710468798267,23.304219042641634,0.3123070014321715,0.0
2018-02-04,0.2691803859875596,22.23037503245077,0.3123070014321715,0.0
2018-02-05,0.21302458804728208,26.3982839949885,0.3123070014321715,0.0
2018-02-06,0.24621760223935105,19.06518663838132,0.3123070014321715,0.0
2018-02-07,0.18027682633601316,26.03971692116992,0.3123070014321715,0.0
2018-02-08,0.18259653618935887,21.96742221029965,0.3123070014321715,0.0
2018-02-09,0.23666910411222697,26.47033068643389,0.3123070014321715,0.0
2018-02-10,0.27184706153350746,25.94426101123166,0.3123070014321715,0.0
2018-02-11,0.2625520083017012,25.623792977220614,0.3123070014321715,0.9
2018-02-12,0.24971791260692194,25.344553701041324,0.3123070014321715,5.9
2018-02-13,0.23937674443645146,28.31781988339624,0.3123070014321715,14.7
2018-02-14,0.19506475366807546,22.694698069659534,0.3123070014321715,0.0
2018-02-15,0.2083248788066078,22.823850043196405,0.3123070014321715,0.0
2018-02-16,0.22137510665838975,22.778755140064494,0.3123070014321715,0.0
2018-02-17,0.278411809915179,26.047339196005993,0.3123070014321715,0.0
2018-02-18,0.27055018310944984,21.707529042658916,0.16975421293707027,0.0
2018-02-19,0.19445864949513925,26.4392756496359,0.16975421293707027,0.0
2018-02-20,0.2446805337773596,23.9533987575011,0.16975421293707027,0.0
2018-02-21,0.23492628031863677,22.51040363964953,0.16975421293707027,0.0
2018-02-22,0.22178561408488245,22.60835782192815,0.16975421293707027,0.0
2018-02-23,0.2629443543348951,23.28988625114343,0.16975421293707027,0.0
2018-02-24,0.28996828958782683,22.033331565762754,0.16975421293707027,0.0
2018-02-25,0.294585291045415,26.157729859110443,0.16975421293707027,0.0
2018-02-26,0.23400297400083214,26.959145540556683,0.16975421293707027,0.0
2018-02-27,0.23437845904545712,27.301000692124077,0.16975421293707027,0.0
2018-02-28,0.25690775781276187,24.26073629139622,0.16975421293707027,0.0
2018-03-01,0.2862164067931111,26.261539016849298,0.16975421293707027,0.0
2018-03-02,0.24409382371334817,25.78994388546243,0.16975421293707027,0.0
2018-03-03,0.24173008293077086,27.298295114133786,0.16975421293707027,0.0
2018-03-04,0.20879730078902026,26.94245744854699,0.16975421293707027,0.0
2018-03-05,0.19577195839388256,26.37255633044408,0.16975421293707027,0.0
2018-03-06,0.26216999130196167,22.616296638408603,0.17659281605100474,0.0
2018-03-07,0.3011193983905673,26.14248678048614,0.17659281605100474,0.0
2018-03-08,0.2628154652618585,26.84170124489191,0.17659281605100474,0.1
2018-03-09,0.2889682910047784,25.37629863832251,0.17659281605100474,0.0
2018-03-10,0.2743477481781007,26.374939429600992,0.17659281605100474,0.5
2018-03-11,0.23472513304225084,24.463794198378668,0.17659281605100474,0.2
2018-03-12,0.2580663861054697,26.570450704636936,0.17659281605100474,0.4
2018-03-13,0.30625119565794984,28.37623477529242,0.17659281605100474,0.0
2018-03-14,0.26562144732853665,31.69582572500382,0.17659281605100474,0.0
2018-03-15,0.3094489621520512,25.64682556489513,0.17659281605100474,0.0
2018-03-16,0.1761436100024743,27.78011583333753,0.17659281605100474,1.0
2018-03-17,0.25660967065387513,26.06218200786319,0.17659281605100474,0.2
2018-03-18,0.2550295485844985,27.958233559630745,0.17659281605100474,0.0
2018-03-19,0.24104360730904417,27.855290408826882,0.17659281605100474,0.0
2018-03-20,0.2505247093714558,30.12902310243495,0.17659281605100474,0.0
2018-03-21,0.18059250080040548,30.57301016083968,0.17659281605100474,0.4
2018-03-22,0.2214892341658087,29.112939698472555,0.16424647710133156,0.0
2018-03-23,0.2539457102526537,28.721803713228436,0.16424647710133156,0.0
2018-03-24,0.30291000464174916,31.488112536427202,0.16424647710133156,0.0
2018-03-25,0.24773354375294707,29.6400017263853,0.16424647710133156,0.0
2018-03-26,0.22102278702462252,32.4793502841051,0.16424647710133156,0.0
2018-03-27,0.223745339581928,26.345208300684263,0.16424647710133156,0.0
2018-03-28,0.274162675994151,33.34472667194988,0.16424647710133156,0.0
2018-03-29,0.2687550916363342,28.713499599539432,0.16424647710133156,0.0
2018-03-30,0.23708492035905387,27.944934315850045,0.16424647710133156,0.0
2018-03-31,0.2640898362666836,30.197561902175803,0.16424647710133156,0.0
2018-04-01,0.25762466510718646,28.129506953860677,0.16424647710133156,2.9
2018-04-02,0.28618997420080705,31.76509126887579,0.16424647710133156,0.0
2018-04-03,0.23628513397453477,29.87263183992562,0.16424647710133156,0.0
2018-04-04,0.23441736506143854,31.54369323519071,0.16424647710133156,0.0
2018-04-05,0.23160142415880602,29.18567459094896,0.16424647710133156,0.8
2018-04-06,0.19325740406301767,30.867103215104933,0.16424647710133156,1.6
2018-04-07,0.24334143091616547,31.677666863527854,0.3429391845756277,0.5
2018-04-08,0.25713936380114577,31.279015186011584,0.3429391845756277,0.0
2018-04-09,0.2523207801228298,35.01107075518754,0.3429391845756277,0.7
2018-04-10,0.24248568436871878,33.17162165454956,0.3429391845756277,1.8
2018-04-11,0.1982077293388511,32.57948434558843,0.3429391845756277,0.3
2018-04-12,0.21973973250486778,28.63117471543031,0.3429391845756277,0.4
2018-04-13,0.22892691167302337,33.27257558457347,0.3429391845756277,0.9
2018-04-14,0.2155983690791503,35.16030489836654,0.3429391845756277,3.3
2018-04-15,0.23403451081543475,31.479704380304405,0.3429391845756277,2.4
2018-04-16,0.25935213323313927,32.63430759005085,0.3429391845756277,0.1
2018-04-17,0.31882214651231033,27.150600703148328,0.3429391845756277,0.1
2018-04-18,0.27675686740280747,30.881535274309172,0.3429391845756277,0.0
2018-04-19,0.26704132389613894,29.37500926361617,0.3429391845756277,0.0
2018-04-20,0.2525067901170258,33.921174734400026,0.3429391845756277,0.0
2018-04-21,0.18359504449964129,33.581800110289784,0.3429391845756277,0.0
2018-04-22,0.2291505277091698,33.83941199246477,0.3429391845756277,0.0
2018-04-23,0.24585321566068685,33.34530685208993,0.2543793988132902,0.0
2018-04-24,0.3349694386351911,36.425000292589964,0.2543793988132902,0.0
2018-04-25,0.268758197823218,32.087926498499925,0.2543793988132902,0.0
2018-04-26,0.26618161632864185,34.571332498742166,0.2543793988132902,0.0
2018-04-27,0.25363957295890904,36.07760269430917,0.2543793988132902,0.0
2018-04-28,0.21018814057098906,34.69042712230035,0.2543793988132902,0.0
2018-04-29,0.2780552406793224,35.03110648137494,0.2543793988132902,1.0
2018-04-30,0.2847342283478338,33.72506973810985,0.2543793988132902,0.0
2018-05-01,0.28810638665085675,34.86682229957235,0.2543793988132902,1.5
2018-05-02,0.22960335507744117,37.1339470439258,0.2543793988132902,1.7
2018-05-03,0.2929788074059958,31.817709693078754,0.2543793988132902,2.7
2018-05-04,0.2138288550240689,35.69882179399745,0.2543793988132902,0.0
2018-05-05,0.2596886547902301,35.00350576997878,0.2543793988132902,0.0
2018-05-06,0.32957254334041824,36.18714293007538,0.2543793988132902,0.0
2018-05-07,0.23920299162255135,40.02865587745626,0.2543793988132902,0.0
2018-05-08,0.22694047695066835,35.74224412385373,0.2543793988132902,0.0
2018-05-09,0.24656994086326792,39.766087558376206,0.2473838901787633,0.0
2018-05-10,0.2313493343649134,39.138372944345235,0.2473838901787633,0.0
2018-05-11,0.19013158022215937,37.14650207442933,0.2473838901787633,0.0
2018-05-12,0.23443917818485874,37.40836769548876,0.2473838901787633,0.9
2018-05-13,0.20815112347504394,37.74252159976622,0.2473838901787633,0.1
2018-05-14,0.2540210721147445,35.87400953730174,0.2473838901787633,1.3
2018-05-15,0.2190264734362402,38.920695096715264,0.2473838901787633,0.0
2018-05-16,0.2949556462064859,36.58260704034122,0.2473838901787633,1.4
2018-05-17,0.23607282863017745,38.01875154064177,0.2473838901787633,0.0
2018-05-18,0.23454969552185456,33.692843478165,0.2473838901787633,0.3
2018-05-19,0.2738380112644948,36.4939021057519,0.2473838901787633,0.0
2018-05-20,0.21407115230416002,39.42452173498061,0.2473838901787633,0.0
2018-05-21,0.24718244340239254,36.239369019927196,0.2473838901787633,0.0
2018-05-22,0.29490472942060275,39.28427636786549,0.2473838901787633,0.8
2018-05-23,0.20720950561653784,37.72997527790142,0.2473838901787633,0.1
2018-05-24,0.24362503673359198,40.850828014492926,0.2473838901787633,0.3
2018-05-25,0.2571834088187724,41.5104712082608,0.2777735818327325,0.1
2018-05-26,0.27951882315783755,39.47181606024688,0.2777735818327325,0.0
2018-05-27,0.21556237206661838,39.206705550044674,0.2777735818327325,0.0
2018-05-28,0.19345273016203585,39.435042458294056,0.2777735818327325,0.0
2018-05-29,0.2513037738452022,39.42683133767766,0.2777735818327325,0.0
2018-05-30,0.26078559571672216,41.96637125077846,0.2777735818327325,1.4
2018-05-31,0.2620029284771223,44.70387763944427,0.2777735818327325,0.0
2018-06-01,0.44072656587553083,37.136036257157855,0.2777735818327325,0.0
2018-06-02,0.458417104507412,37.85291126019288,0.2777735818327325,0.6
2018-06-03,0.49565401075285875,42.73995020992002,0.2777735818327325,0.0
2018-06-04,0.5089537397913114,37.830841403088115,0.2777735818327325,0.1
2018-06-05,0.47768382230647055,37.470714603199156,0.2777735818327325,0.2
2018-06-06,0.5586072545820077,44.54244913469107,0.2777735818327325,1.8
2018-06-07,0.5341663286065148,39.85763428533467,0.2777735818327325,0.1
2018-06-08,0.4685542761798617,39.99788006859283,0.2777735818327325,9.3
2018-06-09,0.5135456591561425,39.569978782893585,0.2777735818327325,30.1
2018-06-10,0.46994983928888645,41.8372450061128,0.20182981529252186,12.9
2018-06-11,0.5185329129176517,38.49271689022033,0.20182981529252186,28.1
2018-06-12,0.5461107191405546,44.38945354860827,0.20182981529252186,9.0
2018-06-13,0.4851093345998565,42.42590611260077,0.20182981529252186,0.5
2018-06-14,0.5292509649035082,40.892708232986635,0.20182981529252186,0.0
2018-06-15,0.5232226219138298,39.96672692910418,0.20182981529252186,0.0
2018-06-16,0.5357388921739561,41.35779376197268,0.20182981529252186,0.0
2018-06-17,0.577109422045075,43.29765218001514,0.20182981529252186,0.0
2018-06-18,0.514544242553422,45.0,0.20182981529252186,0.6
2018-06-19,0.4779825070135144,44.35590903694724,0.20182981529252186,1.9
2018-06-20,0.46226174706716094,43.424365553564286,0.20182981529252186,10.1
2018-06-21,0.46012516414635796,41.54205535536621,0.20182981529252186,5.2
2018-06-22,0.48533898941441367,43.97557438422878,0.20182981529252186,6.9
2018-06-23,0.5075420159429066,40.86952658404266,0.20182981529252186,0.3
2018-06-24,0.5119467827594226,42.27506460560231,0.20182981529252186,1.1
2018-06-25,0.5325354485440876,43.99879123331936,0.20182981529252186,1.3
2018-06-26,0.510215700778953,42.91418660195211,0.24098392672598892,6.1
2018-06-27,0.5539384029341919,40.411618566194235,0.24098392672598892,25.8
2018-06-28,0.5069185317169291,38.71293566785441,0.24098392672598892,32.3
2018-06-29,0.5972814803457154,42.816057922021194,0.24098392672598892,3.1
2018-06-30,0.5510828012754898,42.114011046770756,0.24098392672598892,9.6
2018-07-01,0.48532432590807706,43.73347396106067,0.24098392672598892,20.7
2018-07-02,0.4581160603402842,42.015103874399905,0.24098392672598892,4.2
2018-07-03,0.5043213526355967,41.16305482711411,0.24098392672598892,3.2
2018-07-04,0.49347520830427427,44.0500852765346,0.24098392672598892,18.6
2018-07-05,0.5230325797845055,43.95181666764104,0.24098392672598892,47.9
2018-07-06,0.5234730907954257,37.75486289500802,0.24098392672598892,38.9
2018-07-07,0.5044929152956371,38.94612300187313,0.24098392672598892,18.8
2018-07-08,0.47171009445629697,42.252169363551786,0.24098392672598892,44.0
2018-07-09,0.4384933754728838,41.86720928428055,0.24098392672598892,57.9
2018-07-10,0.4659199893195194,41.625937297742624,0.24098392672598892,15.1
2018-07-11,0.5197499545971773,43.64703158303092,0.24098392672598892,13.0
2018-07-12,0.5134182674237103,45.0,0.39082954219452276,12.6
2018-07-13,0.4604246229721935,39.92590088926214,0.39082954219452276,9.5
2018-07-14,0.49418871929644936,41.844136056102386,0.39082954219452276,11.3
2018-07-15,0.5117427240794441,41.91582590074777,0.39082954219452276,13.9
2018-07-16,0.4725878069567936,42.36163950067089,0.39082954219452276,21.9
2018-07-17,0.4971567207951315,39.485289030602615,0.39082954219452276,25.8
2018-07-18,0.5011843213841495,42.8460003966145,0.39082954219452276,3.6
2018-07-19,0.46035133599117295,41.96017793373133,0.39082954219452276,8.8
2018-07-20,0.5006279584095418,45.0,0.39082954219452276,5.4
2018-07-21,0.5198158459457507,42.598887102157256,0.39082954219452276,5.5
2018-07-22,0.5438515472948598,40.39508180628516,0.39082954219452276,19.5
2018-07-23,0.5500385360096796,38.76579609257309,0.39082954219452276,71.3
2018-07-24,0.46679313292440566,41.525292534814966,0.39082954219452276,1.9
2018-07-25,0.45721406348029237,40.18007864335409,0.39082954219452276,13.8
2018-07-26,0.5051904533963907,40.7873641089296,0.39082954219452276,10.1
2018-07-27,0.5195396443008445,42.278483087638186,0.39082954219452276,1.8
2018-07-28,0.523888562310965,42.00684557144152,0.4802722960346933,8.5
2018-07-29,0.6420121708662048,41.871416835623684,0.4802722960346933,1.8
2018-07-30,0.5625848191341223,44.212136532482056,0.4802722960346933,3.1
2018-07-31,0.5585202431465576,42.184724849108406,0.4802722960346933,2.4
2018-08-01,0.5509461346662293,45.0,0.4802722960346933,4.7
2018-08-02,0.5380825341955717,41.56557707201396,0.4802722960346933,1.7
2018-08-03,0.5003903366962593,40.36204387998213,0.4802722960346933,0.8
2018-08-04,0.5266810237261421,38.1118593787175,0.4802722960346933,0.9
2018-08-05,0.4809554246090276,38.40481492912255,0.4802722960346933,4.7
2018-08-06,0.48599797614680795,42.77202319235404,0.4802722960346933,5.1
2018-08-07,0.4788116686700238,42.17843788356115,0.4802722960346933,9.3
2018-08-08,0.4965090954795284,40.620724587869894,0.4802722960346933,222.2
2018-08-09,0.5799657784774312,40.26830555866305,0.4802722960346933,14.8
2018-08-10,0.4586354518025182,38.85621158609426,0.4802722960346933,13.0
2018-08-11,0.5116097422038633,40.21048653757928,0.4802722960346933,7.6
2018-08-12,0.4470378671695212,40.699468521744286,0.4802722960346933,20.6
2018-08-13,0.46759374484822613,36.3238829924455,0.4024174723289008,1.5
2018-08-14,0.5283913943483256,41.71392820151252,0.4024174723289008,9.8
2018-08-15,0.5107672189728388,36.11089279348872,0.4024174723289008,13.7
2018-08-16,0.46550909846432587,40.73875612610744,0.4024174723289008,14.5
2018-08-17,0.4646170997151989,39.87243199044035,0.4024174723289008,2.9
2018-08-18,0.5131710511272732,40.44064669434887,0.4024174723289008,9.8
2018-08-19,0.47838848322808214,38.45184262121259,0.4024174723289008,22.3
2018-08-20,0.5010925956037937,43.025842623544385,0.4024174723289008,6.6
2018-08-21,0.5019227930777715,40.96285323579692,0.4024174723289008,9.3
2018-08-22,0.4777708257571278,40.68305245141337,0.4024174723289008,3.3
2018-08-23,0.5683692908535247,38.937704330770934,0.4024174723289008,7.1
2018-08-24,0.5426979530371877,39.02626042725749,0.4024174723289008,6.4
2018-08-25,0.44192939537814,40.827232276072955,0.4024174723289008,5.9
2018-08-26,0.489104719630372,41.537393703208345,0.4024174723289008,13.1
2018-08-27,0.473568889622218,41.608084345876385,0.4024174723289008,12.3
2018-08-28,0.5219058336045331,38.587864045397694,0.4024174723289008,28.8
2018-08-29,0.4788335242362154,38.664966268877066,0.46804280298893775,21.1
2018-08-30,0.4896342818195231,39.08270756772933,0.46804280298893775,3.8
2018-08-31,0.5145648393101729,37.76406635888182,0.46804280298893775,19.5
2018-09-01,0.534670883589006,36.73431616061723,0.46804280298893775,9.1
2018-09-02,0.4683908908297496,38.34915900330961,0.46804280298893775,10.4
2018-09-03,0.4788097239944917,38.82449782545679,0.46804280298893775,3.1
2018-09-04,0.477019831307714,38.78513103307457,0.46804280298893775,3.5
2018-09-05,0.47023942625223425,37.444821308671,0.46804280298893775,22.0
2018-09-06,0.5528627262855086,36.136326275216526,0.46804280298893775,7.3
2018-09-07,0.530033177769286,38.30583250812152,0.46804280298893775,39.1
2018-09-08,0.46487901492905914,37.962619374090636,0.46804280298893775,1.2
2018-09-09,0.5215888726256349,35.17432429952549,0.46804280298893775,0.3
2018-09-10,0.5807521286831325,38.760385596163246,0.46804280298893775,0.3
2018-09-11,0.5603619227242299,38.231254766933155,0.46804280298893775,0.1
2018-09-12,0.4649306280088784,36.475332875669615,0.46804280298893775,0.1
2018-09-13,0.4725309958523447,33.89670445485072,0.46804280298893775,0.1
2018-09-14,0.5361011889772351,33.82172772625016,0.5030305128050439,0.8
2018-09-15,0.48606192539651316,36.962469034881714,0.5030305128050439,0.4
2018-09-16,0.5113522576040719,34.88501336226329,0.5030305128050439,1.3
2018-09-17,0.5305178691512483,35.22886693939448,0.5030305128050439,0.0
2018-09-18,0.47671279424014157,33.359359855643,0.5030305128050439,0.0
2018-09-19,0.4909304508098794,37.10264362877015,0.5030305128050439,0.0
2018-09-20,0.38383477834054625,31.51050752947487,0.5030305128050439,0.1
2018-09-21,0.4292968660554637,35.03573042760573,0.5030305128050439,23.9
2018-09-22,0.46994917451787843,35.67751864011253,0.5030305128050439,5.3
2018-09-23,0.4473123409865938,36.02617827793802,0.5030305128050439,0.5
2018-09-24,0.5413280979335854,35.6011606875126,0.5030305128050439,1.9
2018-09-25,0.4623434811514534,32.03115985379891,0.5030305128050439,0.1
2018-09-26,0.47330148731104155,33.4780713628457,0.5030305128050439,0.3
2018-09-27,0.49656636639832563,32.646142864415324,0.5030305128050439,0.0
2018-09-28,0.5494144750368117,31.622535804955774,0.5030305128050439,0.0
2018-09-29,0.46456916721976316,30.277112956449017,0.5030305128050439,0.0
2018-09-30,0.5300814814913525,34.585228034119325,0.4441423910793677,0.0
2018-10-01,0.3343826015830913,35.81716924100184,0.4441423910793677,0.0
2018-10-02,0.24096197768824906,32.14465024757134,0.4441423910793677,0.0
2018-10-03,0.2634622149056892,34.649747229930526,0.4441423910793677,0.0
2018-10-04,0.2610057538167782,34.018594501928526,0.4441423910793677,0.0
2018-10-05,0.23229413544447564,30.96546251034181,0.4441423910793677,0.0
2018-10-06,0.24713131360799334,32.37316964260037,0.4441423910793677,0.0
2018-10-07,0.23565341819223637,32.51333295517802,0.4441423910793677,0.0
2018-10-08,0.2496691325414646,33.73650050474625,0.4441423910793677,0.1
2018-10-09,0.27307531337067603,32.30550083700299,0.4441423910793677,0.0
2018-10-10,0.31243318257629016,28.428094634488257,0.4441423910793677,0.0
2018-10-11,0.2254064123139473,35.40360289203081,0.4441423910793677,0.0
2018-10-12,0.3172780918071535,32.34779664579579,0.4441423910793677,0.2
2018-10-13,0.20186035455885848,29.409422849729467,0.4441423910793677,0.2
2018-10-14,0.23024562804141213,28.15141991469287,0.4441423910793677,0.0
2018-10-15,0.2646647906393838,29.31163435460124,0.4441423910793677,0.0
2018-10-16,0.2642341525625413,30.18224764817912,0.4912832425270657,0.0
2018-10-17,0.2324757625750416,29.35415698529765,0.4912832425270657,0.0
2018-10-18,0.23745845001000782,29.59141290771664,0.4912832425270657,0.0
2018-10-19,0.22898250228994319,28.33296824191162,0.4912832425270657,0.0
2018-10-20,0.22306698419393556,31.31328030271345,0.4912832425270657,0.0
2018-10-21,0.2716561686539165,27.936482301366553,0.4912832425270657,0.0
2018-10-22,0.2689923926049516,30.942546127103146,0.4912832425270657,0.0
2018-10-23,0.23144588194736254,31.054567927350877,0.4912832425270657,0.0
2018-10-24,0.2759197602243725,26.522402335486465,0.4912832425270657,0.0
2018-10-25,0.2685314112979931,28.418553741920487,0.4912832425270657,0.0
2018-10-26,0.2840095975487615,31.016243723997015,0.4912832425270657,0.0
2018-10-27,0.2822398887319548,29.348528276232813,0.4912832425270657,0.0
2018-10-28,0.2306571412373139,30.601566932337494,0.4912832425270657,0.0
2018-10-29,0.2245908059643002,30.873329480661006,0.4912832425270657,0.0
2018-10-30,0.2685325179686042,26.29003406758617,0.4912832425270657,0.0
2018-10-31,0.2769227146807525,27.510410428360853,0.4912832425270657,0.2
2018-11-01,0.2573452586154806,28.80155359939154,0.38950932240928876,0.4
2018-11-02,0.25631003600045155,27.496783821205494,0.38950932240928876,0.0
2018-11-03,0.2966112821527303,28.56680386324813,0.38950932240928876,0.0
2018-11-04,0.24327838603656504,30.67435263262642,0.38950932240928876,0.0
2018-11-05,0.2671319241519208,27.18450580242241,0.38950932240928876,0.0
2018-11-06,0.24806283441038995,27.866747891704282,0.38950932240928876,0.0
2018-11-07,0.24180000821016426,27.021639531846706,0.38950932240928876,0.0
2018-11-08,0.2859971922826009,23.009285347971304,0.38950932240928876,0.0
2018-11-09,0.2896887298993613,25.295389722130473,0.38950932240928876,0.0
2018-11-10,0.29037945622983075,26.394091351083464,0.38950932240928876,0.0
2018-11-11,0.3078055951193507,25.752582371459923,0.38950932240928876,0.0
2018-11-12,0.2680768129929518,28.114908496908225,0.38950932240928876,0.0
2018-11-13,0.2792913978932092,28.543024661184397,0.38950932240928876,0.0
2018-11-14,0.24792808288719181,24.850874865392537,0.38950932240928876,0.0
2018-11-15,0.260724247203253,28.232937002691884,0.38950932240928876,0.0
2018-11-16,0.24866226725810692,24.90982312060679,0.38950932240928876,0.0
2018-11-17,0.2529935389521772,26.427915515085267,0.39047481918486343,0.0
2018-11-18,0.2717285575759451,24.895639453447735,0.39047481918486343,0.0
2018-11-19,0.22788084335961198,22.858065044836813,0.39047481918486343,0.0
2018-11-20,0.3165978076568747,23.857016474901297,0.39047481918486343,0.0
2018-11-21,0.23476873394457282,21.989723220881597,0.39047481918486343,0.0
2018-11-22,0.20293401873580122,26.78624226016195,0.39047481918486343,0.0
2018-11-23,0.2764140861932427,27.762552427747778,0.39047481918486343,0.0
2018-11-24,0.28563242014667556,26.739552111035287,0.39047481918486343,0.0
2018-11-25,0.2825339196408281,24.187171235363053,0.39047481918486343,0.0
2018-11-26,0.2817522687164982,26.09064939221991,0.39047481918486343,0.0
2018-11-27,0.25909704356530744,20.667599287970653,0.39047481918486343,0.0
2018-11-28,0.2213252100675881,26.519314756162547,0.39047481918486343,0.0
2018-11-29,0.24405072255705684,28.061184043578564,0.39047481918486343,0.0
2018-11-30,0.22451455686419314,25.578648582565567,0.39047481918486343,0.0
2018-12-01,0.2764835577288792,23.12154720566444,0.39047481918486343,0.0
2018-12-02,0.2527980589660889,25.70331194983471,0.39047481918486343,0.0
2018-12-03,0.22194701580208875,24.044180171203557,0.26099359105156894,0.0
2018-12-04,0.23033560028277184,21.747898774703955,0.26099359105156894,0.0
2018-12-05,0.2585532809844784,21.01489244935289,0.26099359105156894,0.0
2018-12-06,0.2328356249472044,23.17348936308676,0.26099359105156894,0.0
2018-12-07,0.2160729736393362,23.589683342229986,0.26099359105156894,0.0
2018-12-08,0.24835094449401773,18.29491794672814,0.26099359105156894,0.0
2018-12-09,0.2580791133370106,29.187645279438684,0.26099359105156894,0.0
2018-12-10,0.23468072286311364,22.392067606954278,0.26099359105156894,3.2
2018-12-11,0.2289178761622928,25.79127447974296,0.26099359105156894,0.2
2018-12-12,0.25179711065620514,23.168537170760345,0.26099359105156894,0.0
2018-12-13,0.19985618124445517,25.57568015736377,0.26099359105156894,0.0
2018-12-14,0.18569562227015712,27.39819355500785,0.26099359105156894,0.0
2018-12-15,0.20556313893721187,21.797292470261123,0.26099359105156894,0.0
2018-12-16,0.22919829137124886,22.134505199173642,0.26099359105156894,0.2
2018-12-17,0.25464125220730477,23.943931515414015,0.26099359105156894,22.5
2018-12-18,0.30302984325542576,24.649071364516708,0.26099359105156894,3.6
2018-12-19,0.2959270397886984,23.062346636133803,0.23935404349378622,0.0
2018-12-20,0.2581802633878896,22.242683560233385,0.23935404349378622,0.0
2018-12-21,0.25178851173977274,19.714033390010798,0.23935404349378622,0.0
2018-12-22,0.21544802575960853,22.6381465932811,0.23935404349378622,0.0
2018-12-23,0.23898644796814889,20.35273699296884,0.23935404349378622,0.0
2018-12-24,0.2365928820282398,22.36896115786929,0.23935404349378622,0.0
2018-12-25,0.2572730142203051,24.744321064268867,0.23935404349378622,0.0
2018-12-26,0.2232288212417602,23.046397087623717,0.23935404349378622,0.0
2018-12-27,0.2601457743709691,22.93679973021581,0.23935404349378622,0.0
2018-12-28,0.3066895942663809,19.100477264821983,0.23935404349378622,0.0
2018-12-29,0.26320027308392424,23.129243900353586,0.23935404349378622,0.0
2018-12-30,0.2680199921986402,21.067307967975406,0.23935404349378622,0.0
2018-12-31,0.279561037369481,18.220910777543818,0.23935404349378622,0.0
2019-01-01,0.24482559469484,24.734171001569432,0.23935404349378622,0.0
2019-01-02,0.2562909152718166,21.557013855101225,0.23935404349378622,0.0
2019-01-03,0.25232800860890775,22.128003919536017,0.23935404349378622,0.0
2019-01-04,0.25411706603188144,22.977217906614268,0.17942504282974053,0.0
2019-01-05,0.22417977737462308,24.537789451564343,0.17942504282974053,0.0
2019-01-06,0.2431117893114499,20.501358421932494,0.17942504282974053,0.0
2019-01-07,0.26536347698702567,24.92070912356937,0.17942504282974053,0.0
2019-01-08,0.30539906936893413,21.910880700282476,0.17942504282974053,0.0
2019-01-09,0.30019419972366246,20.39069125983296,0.17942504282974053,0.0
2019-01-10,0.3404196459300032,22.221224491946344,0.17942504282974053,0.0
2019-01-11,0.2502687290779192,20.733567675297298,0.17942504282974053,0.0
2019-01-12,0.2806118410085995,21.80960536698502,0.17942504282974053,0.0
2019-01-13,0.26560052250342214,25.03661603309168,0.17942504282974053,0.0
2019-01-14,0.33132325941364515,18.25844751478863,0.17942504282974053,0.0
2019-01-15,0.24610653783666323,22.18895516642198,0.17942504282974053,0.0
2019-01-16,0.2194416968746718,22.043735990817414,0.17942504282974053,0.0
2019-01-17,0.21985376647186075,21.469531410262157,0.17942504282974053,0.0
2019-01-18,0.166619779590715,21.194188561002164,0.17942504282974053,0.0
2019-01-19,0.20658450811838786,23.51610516541588,0.17942504282974053,0.0
2019-01-20,0.21040570928113692,20.974756452277397,0.22585094922288604,0.0
2019-01-21,0.24338549531100834,18.0,0.22585094922288604,0.0
2019-01-22,0.25997710774550303,19.239626101034613,0.22585094922288604,0.0
2019-01-23,0.31865911169620686,21.67955293615626,0.22585094922288604,0.0
2019-01-24,0.3038625678453738,24.153362542592486,0.22585094922288604,5.9
2019-01-25,0.24596714240542802,23.49715213492371,0.22585094922288604,22.8
2019-01-26,0.21734562922443584,18.120342436128123,0.22585094922288604,3.9
2019-01-27,0.2574208597700584,23.596678453927694,0.22585094922288604,0.0
2019-01-28,0.20601809568529506,22.759158274127,0.22585094922288604,0.0
2019-01-29,0.3009064855104909,21.545734039269917,0.22585094922288604,0.0
2019-01-30,0.3065523498783923,21.641273870949615,0.22585094922288604,0.0
2019-01-31,0.250544557139853,23.89617854291243,0.22585094922288604,0.0
2019-02-01,0.1902036586237752,23.37318264806611,0.22585094922288604,0.0
2019-02-02,0.27944663068292197,20.837587231545054,0.22585094922288604,0.0
2019-02-03,0.254825094621035,20.751935875558235,0.22585094922288604,0.0
2019-02-04,0.29477109930538165,23.22476428515269,0.22585094922288604,0.0
2019-02-05,0.2076263617338116,26.784988486414598,0.31008810411911025,0.0
2019-02-06,0.2163097827167614,25.259740928892306,0.31008810411911025,0.0
2019-02-07,0.2400764643051648,24.429501414544983,0.31008810411911025,0.5
2019-02-08,0.24866726007331538,21.190527828003187,0.31008810411911025,0.6
2019-02-09,0.2338478865202211,21.782775679930122,0.31008810411911025,0.0
2019-02-10,0.2669541135882288,24.82390580907334,0.31008810411911025,0.0
2019-02-11,0.21771951904807785,25.19333978151356,0.31008810411911025,0.0
2019-02-12,0.23533257373867805,22.0703075030041,0.31008810411911025,0.0
2019-02-13,0.24981011923151986,23.44912474500952,0.31008810411911025,0.0
2019-02-14,0.2679483949615122,22.2078683291809,0.31008810411911025,0.0
2019-02-15,0.2802910392215648,22.826223084098643,0.31008810411911025,3.1
2019-02-16,0.21972483855214398,26.101623051513155,0.31008810411911025,0.4
2019-02-17,0.1872234555898964,23.630123369957335,0.31008810411911025,0.0
2019-02-18,0.2758857254434167,22.446631063043437,0.31008810411911025,0.0
2019-02-19,0.26939670805231075,21.446864371237226,0.31008810411911025,0.0
2019-02-20,0.22962198363621383,24.236288330039162,0.31008810411911025,0.0
2019-02-21,0.29817691423415243,24.026182998444135,0.21470984837490742,0.0
2019-02-22,0.26850168647049577,27.652918106247334,0.21470984837490742,0.0
2019-02-23,0.29682590738338266,23.17784861576953,0.21470984837490742,0.0
2019-02-24,0.2664109190643686,23.08991038664799,0.21470984837490742,0.0
2019-02-25,0.3270494530901801,26.38275591108367,0.21470984837490742,0.0
2019-02-26,0.33455176541256615,25.69143878786501,0.21470984837490742,0.0
2019-02-27,0.26665178442700227,25.371775005068283,0.21470984837490742,0.0
2019-02-28,0.2890005186115031,25.835729627450252,0.21470984837490742,0.0
2019-03-01,0.28428831381893105,24.7217127654794,0.21470984837490742,0.0
2019-03-02,0.30818859865931153,25.931816364964103,0.21470984837490742,0.0
2019-03-03,0.2336842584774898,27.441687936255473,0.21470984837490742,1.2
2019-03-04,0.2691170786431923,23.809285743918522,0.21470984837490742,0.0
2019-03-05,0.2927799806326932,27.966498284819092,0.21470984837490742,0.0
2019-03-06,0.20127811216499897,28.469507006986568,0.21470984837490742,0.0
2019-03-07,0.19396938570619754,25.436100519447518,0.21470984837490742,0.0
2019-03-08,0.1618176894902557,32.41363242334129,0.21470984837490742,0.0
2019-03-09,0.2141160676415172,30.539414188734252,0.2512590677359277,0.0
2019-03-10,0.2643487992453138,23.506734614493343,0.2512590677359277,0.0
2019-03-11,0.3068871365969551,29.1016006646978,0.2512590677359277,0.0
2019-03-12,0.2696594582937787,28.716936340673712,0.2512590677359277,0.0
2019-03-13,0.3128993815831288,25.199875753120647,0.2512590677359277,0.0
2019-03-14,0.22056626343741742,28.547609714183533,0.2512590677359277,0.1
2019-03-15,0.1815514936537948,26.73120094898826,0.2512590677359277,1.1
2019-03-16,0.22752127863475677,29.619705736878675,0.2512590677359277,0.1
2019-03-17,0.2566986743033028,26.042751208454373,0.2512590677359277,0.7
2019-03-18,0.2508652861076976,26.164112876213604,0.2512590677359277,1.7
2019-03-19,0.1778991123309136,32.078520325879225,0.2512590677359277,0.0
2019-03-20,0.2252505323163265,28.540929856222814,0.2512590677359277,23.7
2019-03-21,0.19691872717722805,30.176831591277143,0.2512590677359277,0.0
2019-03-22,0.2575141573622197,30.763688149036625,0.2512590677359277,0.1
2019-03-23,0.26508518582205565,28.68707618131085,0.2512590677359277,0.0
2019-03-24,0.22162976322515926,28.280249307652497,0.2512590677359277,0.0
2019-03-25,0.2235035868607635,30.302955990069737,0.23044359225981356,0.0
2019-03-26,0.20497860279211574,33.02388480959311,0.23044359225981356,0.0
2019-03-27,0.23429981243307368,29.93052737309129,0.23044359225981356,0.0
2019-03-28,0.27871992494746545,30.637775308715966,0.23044359225981356,0.0
2019-03-29,0.2241155658624956,29.58464308697069,0.23044359225981356,0.0
2019-03-30,0.2598762978018732,30.814122914940242,0.23044359225981356,0.0
2019-03-31,0.23440387269752655,29.292606564508592,0.23044359225981356,0.0
2019-04-01,0.2175706126800759,31.197964060471264,0.23044359225981356,0.0
2019-04-02,0.23652512120561323,32.61191641962251,0.23044359225981356,0.0
2019-04-03,0.20972405507700587,33.68191381296079,0.23044359225981356,0.0
2019-04-04,0.21853949083595037,32.86332413492758,0.23044359225981356,0.0
2019-04-05,0.19863612101017541,32.07318133470888,0.23044359225981356,0.0
2019-04-06,0.30335621595512624,35.278269236041965,0.23044359225981356,0.0
2019-04-07,0.26724108910554834,31.37534472294728,0.23044359225981356,0.0
2019-04-08,0.230681933951924,31.315628612661214,0.23044359225981356,0.0
2019-04-09,0.25169387706127494,28.18557858514882,0.23044359225981356,0.0
2019-04-10,0.2465766813792034,32.66488863695496,0.2596569561759519,0.0
2019-04-11,0.24123906843009824,33.535466080461624,0.2596569561759519,0.0
2019-04-12,0.2688675550305493,34.597995556168925,0.2596569561759519,0.0
2019-04-13,0.2821730363608205,32.311031559643425,0.2596569561759519,0.0
2019-04-14,0.24108437074187766,37.3545873143141,0.2596569561759519,0.0
2019-04-15,0.2271716727999995,34.64877899094421,0.2596569561759519,0.0
2019-04-16,0.2335246924396923,30.919045374134583,0.2596569561759519,0.2
2019-04-17,0.1644901669661622,34.00796639252548,0.2596569561759519,0.0
2019-04-18,0.17131536291289934,33.36295699301378,0.2596569561759519,0.2
2019-04-19,0.27423520823442815,36.233948719642385,0.2596569561759519,0.2
2019-04-20,0.31484443244287336,33.825168111616385,0.2596569561759519,0.0
2019-04-21,0.2607370683483888,32.23305685195279,0.2596569561759519,0.3
2019-04-22,0.27340061421146844,34.702979313943445,0.2596569561759519,0.0
2019-04-23,0.2679139396724643,33.152097813795024,0.2596569561759519,0.0
2019-04-24,0.3631350101976726,30.90053213241408,0.2596569561759519,0.0
2019-04-25,0.3231256249595119,32.88071473314226,0.2596569561759519,0.0
2019-04-26,0.2674605717860267,35.038579912816886,0.26746454659724306,0.0
2019-04-27,0.2217942561147931,33.808872385657004,0.26746454659724306,0.0
2019-04-28,0.18531265562542287,37.6712409766767,0.26746454659724306,0.0
2019-04-29,0.23771502394297966,32.58264974892585,0.26746454659724306,0.0
2019-04-30,0.21984223109794326,33.84014893839815,0.26746454659724306,0.0
2019-05-01,0.19117378949346436,33.54708198541921,0.26746454659724306,0.0
2019-05-02,0.20972208589955085,36.04001743453041,0.26746454659724306,0.0
2019-05-03,0.20006244564336143,38.62994491813169,0.26746454659724306,0.0
2019-05-04,0.29406869092054816,36.06083849522803,0.26746454659724306,0.1
2019-05-05,0.2940779987693952,35.78726830410196,0.26746454659724306,0.0
2019-05-06,0.2629443571847369,38.84130809244,0.26746454659724306,0.0
2019-05-07,0.30568135201657193,41.12065736246445,0.26746454659724306,0.0
2019-05-08,0.2694122963726382,37.434602000367676,0.26746454659724306,0.0
2019-05-09,0.2256787418653022,32.92514853435516,0.26746454659724306,0.0
2019-05-10,0.29601296526402865,34.430313357457266,0.26746454659724306,0.0
2019-05-11,0.28266574110817166,38.18630950663455,0.26746454659724306,0.0
2019-05-12,0.2234961069310255,37.99411614287342,0.27955941910627535,0.0
2019-05-13,0.23538697834638136,33.12064495331732,0.27955941910627535,0.0
2019-05-14,0.2149694546354479,38.562775174794346,0.27955941910627535,0.0
2019-05-15,0.19109284580688263,38.957111049778824,0.27955941910627535,0.0
2019-05-16,0.26474406790567223,35.12496618549143,0.27955941910627535,0.0
2019-05-17,0.3212528027881562,41.22608295905498,0.27955941910627535,0.0
2019-05-18,0.2224259757527769,38.44009220110384,0.27955941910627535,0.0
2019-05-19,0.26143171601000303,39.34808706992811,0.27955941910627535,0.0
2019-05-20,0.23065702488373696,37.27062053066517,0.27955941910627535,0.0
2019-05-21,0.2271477190333567,41.916371026459785,0.27955941910627535,0.0
2019-05-22,0.22241052836164657,43.33349449567197,0.27955941910627535,0.0
2019-05-23,0.2114834815697004,39.14983309758234,0.27955941910627535,0.0
2019-05-24,0.24014330144897908,41.936773789367955,0.27955941910627535,0.0
2019-05-25,0.21795973636030738,36.80461100335632,0.27955941910627535,0.0
2019-05-26,0.24985390981038658,39.269813053199535,0.27955941910627535,0.0
2019-05-27,0.24819783911239618,37.40468475824422,0.27955941910627535,0.0
2019-05-28,0.2410961700933945,39.0582447244364,0.276020493484518,0.0
2019-05-29,0.2155641228565624,37.682626854678254,0.276020493484518,0.0
2019-05-30,0.21948224028707708,39.041633920340686,0.276020493484518,0.0
2019-05-31,0.2672833649900246,41.05953535473952,0.276020493484518,0.0
2019-06-01,0.4477171110638607,36.575502557441965,0.276020493484518,0.8
2019-06-02,0.4501006997512089,37.44745162941179,0.276020493484518,0.0
2019-06-03,0.4885068406153855,39.24513515853819,0.276020493484518,0.0
2019-06-04,0.5228506015026282,41.38825703718997,0.276020493484518,0.0
2019-06-05,0.4484259956115404,43.76273444701266,0.276020493484518,0.0
2019-06-06,0.5035454054167599,39.59211708371322,0.276020493484518,0.0
2019-06-07,0.4778717900619233,40.32663906587086,0.276020493484518,0.0
2019-06-08,0.5133324904193375,39.604812436782716,0.276020493484518,0.0
2019-06-09,0.4772856766468131,39.40787782604466,0.276020493484518,0.0
2019-06-10,0.43001482947078573,40.9867802255744,0.276020493484518,0.0
2019-06-11,0.422040463515325,39.840976606217836,0.276020493484518,0.0
2019-06-12,0.4782951121877458,42.44661386137602,0.276020493484518,0.0
2019-06-13,0.5025788212165756,40.53590289086588,0.29126111945594646,0.6
2019-06-14,0.4691225644863184,42.242046516465784,0.29126111945594646,0.9
2019-06-15,0.5130875054031037,43.25100961583715,0.29126111945594646,5.3
2019-06-16,0.44577304944151747,42.65377843612695,0.29126111945594646,3.8
2019-06-17,0.48141912187979913,39.74631425082191,0.29126111945594646,4.9
2019-06-18,0.4520401695722537,42.19067548092978,0.29126111945594646,0.1
2019-06-19,0.4627977870986005,42.77537208843242,0.29126111945594646,0.0
2019-06-20,0.49049828962565456,41.03024821885207,0.29126111945594646,0.1
2019-06-21,0.467035019102758,44.45833734814728,0.29126111945594646,0.0
2019-06-22,0.4766510616827835,41.237270729365186,0.29126111945594646,0.8
2019-06-23,0.5282155668273404,40.54357784354357,0.29126111945594646,19.2
2019-06-24,0.4882734546148919,40.39569466129485,0.29126111945594646,4.4
2019-06-25,0.5257312603067475,42.24999189720725,0.29126111945594646,0.2
2019-06-26,0.46817963817900765,43.178860753302914,0.29126111945594646,10.8
2019-06-27,0.5089970376807371,41.3584539219533,0.29126111945594646,11.4
2019-06-28,0.5531540130272476,43.88481089508139,0.29126111945594646,24.7
2019-06-29,0.4294386464037192,45.0,0.2713101753597787,16.5
2019-06-30,0.45094025997964904,40.2434694571374,0.2713101753597787,37.8
2019-07-01,0.5054796024452136,43.278127355138366,0.2713101753597787,20.1
2019-07-02,0.49453729222205933,44.76381612467008,0.2713101753597787,63.3
2019-07-03,0.5113512932346136,40.84441658236572,0.2713101753597787,28.9
2019-07-04,0.4822659064353303,39.49357801148529,0.2713101753597787,14.0
2019-07-05,0.4977104144921506,43.17619849795243,0.2713101753597787,26.5
2019-07-06,0.49386442110892237,42.825927915533654,0.2713101753597787,19.1
2019-07-07,0.5390316984907699,40.67699077876215,0.2713101753597787,16.3
2019-07-08,0.5206142390627734,43.08654391666496,0.2713101753597787,21.5
2019-07-09,0.5180003648914641,42.724116652006124,0.2713101753597787,12.6
2019-07-10,0.4909844156531528,41.70154824785631,0.2713101753597787,1.6
2019-07-11,0.4802291068534086,43.209241074205316,0.2713101753597787,2.8
2019-07-12,0.4789291954823358,41.46492798458333,0.2713101753597787,0.9
2019-07-13,0.5074845836279411,43.15025476729908,0.2713101753597787,1.0
2019-07-14,0.4875109182596731,36.989445918780746,0.2713101753597787,1.0
2019-07-15,0.5063953954692764,41.084645179755086,0.45978200129099217,0.4
2019-07-16,0.5745576465933733,42.09867166384098,0.45978200129099217,0.0
2019-07-17,0.5528566585981212,39.66218674815862,0.45978200129099217,0.0
2019-07-18,0.504446173953562,41.421546761883086,0.45978200129099217,2.3
2019-07-19,0.5433763394618066,40.68101993017257,0.45978200129099217,23.2
2019-07-20,0.4987302637827876,41.95927147601025,0.45978200129099217,5.2
2019-07-21,0.4282847204036113,39.23370728804414,0.45978200129099217,7.9
2019-07-22,0.4432023952389742,39.17343774095798,0.45978200129099217,4.2
2019-07-23,0.4174830013357873,39.521418687169245,0.45978200129099217,0.1
2019-07-24,0.4629419284592904,39.709351139913664,0.45978200129099217,3.8
2019-07-25,0.4895272218094213,39.402230694874,0.45978200129099217,34.8
2019-07-26,0.5555334724724612,41.468573480479215,0.45978200129099217,30.1
2019-07-27,0.528102499823484,45.0,0.45978200129099217,26.3
2019-07-28,0.500762231438735,43.250732740914046,0.45978200129099217,11.4
2019-07-29,0.5292578647730426,38.26850159386652,0.45978200129099217,43.8
2019-07-30,0.43138762361663674,43.94888799529621,0.45978200129099217,28.0
2019-07-31,0.48766279661879075,42.69745198364282,0.42429439108908445,36.6
2019-08-01,0.523279120771681,41.07693259275926,0.42429439108908445,21.4
2019-08-02,0.4552332176292098,39.01587091435164,0.42429439108908445,20.6
2019-08-03,0.5266013568010054,44.403072886764015,0.42429439108908445,43.4
2019-08-04,0.5198277813026061,39.1655966412152,0.42429439108908445,13.0
2019-08-05,0.49141325740425373,40.36741626054475,0.42429439108908445,25.7
2019-08-06,0.519571342534996,44.31821305289977,0.42429439108908445,7.5
2019-08-07,0.5853456527836526,41.51845672864339,0.42429439108908445,20.3
2019-08-08,0.5319690147621431,42.25598840788519,0.42429439108908445,83.6
2019-08-09,0.5182784249491547,40.720164797513334,0.42429439108908445,18.0
2019-08-10,0.48940589600083784,40.32487708059202,0.42429439108908445,6.3
2019-08-11,0.46707721586898365,40.80202321701984,0.42429439108908445,1.2
2019-08-12,0.5191849183397437,43.13535365878864,0.42429439108908445,5.6
2019-08-13,0.4757925415951127,40.442983666739664,0.42429439108908445,19.3
2019-08-14,0.49524258078121247,41.59531691869935,0.42429439108908445,65.4
2019-08-15,0.4818547635975846,37.61091100119598,0.42429439108908445,8.0
2019-08-16,0.5113207229803991,41.128349078485826,0.29631555923701175,1.2
2019-08-17,0.5150743905791629,40.69587316535956,0.29631555923701175,0.7
2019-08-18,0.5408362152227753,40.12860931591415,0.29631555923701175,4.2
2019-08-19,0.4944002906069164,42.16255087976216,0.29631555923701175,7.8
2019-08-20,0.48887446444680693,42.669281290765454,0.29631555923701175,7.5
2019-08-21,0.4624056092816613,41.65937686034689,0.29631555923701175,7.9
2019-08-22,0.47317141868183443,39.7544586768901,0.29631555923701175,18.6
2019-08-23,0.5051569428611201,39.79717184524491,0.29631555923701175,11.4
2019-08-24,0.5280416844409233,39.672222967798824,0.29631555923701175,9.6
2019-08-25,0.4761367189860601,40.95554230919823,0.29631555923701175,10.8
2019-08-26,0.5232772228995162,36.958758858890064,0.29631555923701175,28.4
2019-08-27,0.5544304919280281,35.58924473035179,0.29631555923701175,20.6
2019-08-28,0.5307993691912379,40.964981548507104,0.29631555923701175,5.9
2019-08-29,0.5749276641969037,35.556910941941545,0.29631555923701175,3.7
2019-08-30,0.49539567729044603,34.30544243070712,0.29631555923701175,18.2
2019-08-31,0.4550557885712342,41.26790633725881,0.29631555923701175,7.7
2019-09-01,0.4242615278597205,36.948075012536606,0.4302420464828723,8.3
2019-09-02,0.5296400092600376,34.628101961717626,0.4302420464828723,14.5
2019-09-03,0.5317948007504032,40.07033038923978,0.4302420464828723,17.6
2019-09-04,0.507592976743255,37.61880974732462,0.4302420464828723,42.4
2019-09-05,0.5120767949441701,36.94682912159748,0.4302420464828723,10.1
2019-09-06,0.46423092182780784,37.05809285328916,0.4302420464828723,28.7
2019-09-07,0.5748705958349313,37.24759055614378,0.4302420464828723,21.9
2019-09-08,0.5269839201196123,37.864714310350735,0.4302420464828723,80.5
2019-09-09,0.5119239938470549,35.88889511886834,0.4302420464828723,15.4
2019-09-10,0.5289790299905707,37.28263125090963,0.4302420464828723,11.0
2019-09-11,0.5255290321079561,36.70037152294335,0.4302420464828723,38.3
2019-09-12,0.5154946504821564,31.74454100983398,0.4302420464828723,56.3
2019-09-13,0.476981789204061,33.491636003099735,0.4302420464828723,30.2
2019-09-14,0.5095959292609781,34.19999786120999,0.4302420464828723,3.3
2019-09-15,0.5687496361549196,35.63478628975504,0.4302420464828723,1.9
2019-09-16,0.5677145924619,36.7723786815354,0.4302420464828723,12.7
2019-09-17,0.5760759096709489,39.43110417413213,0.4102300408018961,14.2
2019-09-18,0.5049302242261932,33.149934416227,0.4102300408018961,5.4
2019-09-19,0.46684289855880756,35.98723594321374,0.4102300408018961,3.9
2019-09-20,0.4856503273641546,36.33303389935607,0.4102300408018961,6.7
2019-09-21,0.4976454701393507,37.142600546312394,0.4102300408018961,7.2
2019-09-22,0.5375903441882883,34.54029726798696,0.4102300408018961,0.9
2019-09-23,0.4520408412164678,35.43874051814703,0.4102300408018961,6.3
2019-09-24,0.5391465135460618,35.12010362715041,0.4102300408018961,4.5
2019-09-25,0.506213677613554,35.73287971088235,0.4102300408018961,36.2
2019-09-26,0.48692326583590645,35.42750138878496,0.4102300408018961,22.2
2019-09-27,0.460653326616666,28.213069749922564,0.4102300408018961,16.9
2019-09-28,0.4302760144696979,33.40233107311035,0.4102300408018961,22.2
2019-09-29,0.5078937747795763,34.33446808062318,0.4102300408018961,17.7
2019-09-30,0.504934261285467,30.339497603026704,0.4102300408018961,8.7
2019-10-01,0.28133164689470325,36.35896392037838,0.4102300408018961,4.0
2019-10-02,0.21407173704618443,32.48313577806686,0.4102300408018961,2.0
2019-10-03,0.22746905663870082,35.34805540983557,0.4148399244168476,0.6
2019-10-04,0.30165647037673904,30.75698175423035,0.4148399244168476,0.3
2019-10-05,0.2564112438152955,32.534580340474996,0.4148399244168476,0.3
2019-10-06,0.19931336978545494,32.70816357452717,0.4148399244168476,1.1
2019-10-07,0.2261930036926284,31.378535606451823,0.4148399244168476,7.9
2019-10-08,0.23331257616662004,30.621775731061554,0.4148399244168476,0.0
2019-10-09,0.150602740347031,32.98618656286646,0.4148399244168476,0.8
2019-10-10,0.21828050177598585,32.41955964862577,0.4148399244168476,0.0
2019-10-11,0.232401441975492,31.079875989141147,0.4148399244168476,0.0
2019-10-12,0.26908765536111723,33.65920881296717,0.4148399244168476,0.0
2019-10-13,0.32043975993142226,32.327635281816946,0.4148399244168476,0.0
2019-10-14,0.31056170401359817,30.484213586615382,0.4148399244168476,0.0
2019-10-15,0.2587574070346604,28.094557187141884,0.4148399244168476,0.0
2019-10-16,0.21389881530443966,32.86310813558384,0.4148399244168476,0.1
2019-10-17,0.329237237705077,30.849692652705073,0.4148399244168476,0.0
2019-10-18,0.27584381650203016,28.738948076611518,0.4148399244168476,5.1
2019-10-19,0.25824067016756214,26.957669783577636,0.3631303661480838,0.9
2019-10-20,0.2516278230014185,33.41302949451763,0.3631303661480838,4.1
2019-10-21,0.25742131352730047,30.392532392873893,0.3631303661480838,8.7
2019-10-22,0.24717377964085213,28.230493403604157,0.3631303661480838,3.6
2019-10-23,0.22907396365144736,29.170323168042067,0.3631303661480838,0.5
2019-10-24,0.22458212615202047,25.730786406043016,0.3631303661480838,1.8
2019-10-25,0.2412282733880462,31.315551113993514,0.3631303661480838,0.5
2019-10-26,0.22834861502673207,29.571115782800362,0.3631303661480838,3.6
2019-10-27,0.21855498211431884,30.691359199158256,0.3631303661480838,4.9
2019-10-28,0.24429155260351204,25.382774772407064,0.3631303661480838,0.1
2019-10-29,0.23936326317132367,29.363867792360764,0.3631303661480838,0.7
2019-10-30,0.2994487335517912,27.786908121737365,0.3631303661480838,0.8
2019-10-31,0.17205067677178193,29.463294622203207,0.3631303661480838,0.0
2019-11-01,0.2648179428488207,28.396541838202474,0.3631303661480838,0.2
2019-11-02,0.2980583645920632,27.40077212534117,0.3631303661480838,0.0
2019-11-03,0.1918488512433337,26.190320680296352,0.3631303661480838,0.1
2019-11-04,0.2205605895801879,26.735283889291374,0.4875404128993561,0.0
2019-11-05,0.22816774656420363,24.866416634151143,0.4875404128993561,0.0
2019-11-06,0.19418741465413736,27.10755846095272,0.4875404128993561,0.0
2019-11-07,0.20603264033056054,31.19397948160487,0.4875404128993561,0.0
2019-11-08,0.19793963750786414,28.87531503933633,0.4875404128993561,0.0
2019-11-09,0.295711356772186,28.904551046948704,0.4875404128993561,0.0
2019-11-10,0.2964621507918169,27.507633778145006,0.4875404128993561,0.0
2019-11-11,0.30844307356234063,27.987990371427244,0.4875404128993561,0.0
2019-11-12,0.2927914443102154,26.456313541755065,0.4875404128993561,0.0
2019-11-13,0.2233206213004616,24.36456298281032,0.4875404128993561,0.0
2019-11-14,0.22363797707034638,24.49566319050513,0.4875404128993561,0.0
2019-11-15,0.259219502764081,28.299163887879956,0.4875404128993561,0.0
2019-11-16,0.2099913775180062,24.769761568729866,0.4875404128993561,0.0
2019-11-17,0.26295235831143543,25.745409084794336,0.4875404128993561,0.0
2019-11-18,0.2454743185578959,27.35947284109758,0.4875404128993561,0.0
2019-11-19,0.23552356730313284,24.759566201441913,0.4875404128993561,0.0
2019-11-20,0.27054066907806207,26.366512229323913,0.35680234277731737,0.0
2019-11-21,0.27171141662542997,23.22227803140207,0.35680234277731737,0.0
2019-11-22,0.24387960918396118,24.507003690282705,0.35680234277731737,0.0
2019-11-23,0.288740425872937,23.954287844536037,0.35680234277731737,0.0
2019-11-24,0.2237849112958847,26.22287210641831,0.35680234277731737,0.0
2019-11-25,0.2636932196318146,25.91947874457967,0.35680234277731737,0.0
2019-11-26,0.2748665099184378,25.716279260516316,0.35680234277731737,0.0
2019-11-27,0.24662582759954166,24.475837179567037,0.35680234277731737,0.0
2019-11-28,0.2604024040583366,25.4611376378945,0.35680234277731737,0.0
2019-11-29,0.2093317460440154,23.068234324940924,0.35680234277731737,0.0
2019-11-30,0.2701404694854461,23.403935837726845,0.35680234277731737,0.0
2019-12-01,0.24957056607012923,25.529948712220314,0.35680234277731737,0.0
2019-12-02,0.23157586410287234,23.799790707236184,0.35680234277731737,0.0
2019-12-03,0.28118808213515284,22.24086305423425,0.35680234277731737,0.0
2019-12-04,0.23470439547154928,23.825799737412062,0.35680234277731737,0.0
2019-12-05,0.19611517326874017,26.550648489797386,0.35680234277731737,0.0
2019-12-06,0.17935253090728542,23.130961416753856,0.27092554921936934,0.0
2019-12-07,0.250016107569283,23.5797291647943,0.27092554921936934,0.0
2019-12-08,0.205189804933415,24.977316706391925,0.27092554921936934,0.0
2019-12-09,0.29797473784947726,25.632374769401387,0.27092554921936934,0.0
2019-12-10,0.19152489207891288,24.06236377503937,0.27092554921936934,0.0
2019-12-11,0.29183344051382515,22.46714015704068,0.27092554921936934,0.0
2019-12-12,0.26993564350623916,24.84199628285787,0.27092554921936934,0.0
2019-12-13,0.252595734136408,21.75451828371207,0.27092554921936934,0.6
2019-12-14,0.23170655220260916,27.151678558464354,0.27092554921936934,1.2
2019-12-15,0.25848172966310523,21.31408912261833,0.27092554921936934,4.6
2019-12-16,0.25122730431406187,24.43746716950957,0.27092554921936934,1.1
2019-12-17,0.2889837571647968,21.00526791261573,0.27092554921936934,0.0
2019-12-18,0.26569309485261045,25.309568092903376,0.27092554921936934,0.0
2019-12-19,0.25996849010694884,18.0,0.27092554921936934,0.0
2019-12-20,0.2402641196045997,21.09513839666219,0.27092554921936934,0.0
2019-12-21,0.24508613905114254,18.887763398487003,0.27092554921936934,0.0
2019-12-22,0.2592989036265648,20.199691092801494,0.23823330814197977,0.0
2019-12-23,0.1929337773449875,23.368380634500554,0.23823330814197977,0.0
2019-12-24,0.18569364342979627,25.90251179386725,0.23823330814197977,0.0
2019-12-25,0.2567223363197339,20.715321506925434,0.23823330814197977,0.1
2019-12-26,0.2579969912303981,21.7424120741286,0.23823330814197977,5.1
2019-12-27,0.24595968059677564,24.485046667822562,0.23823330814197977,0.0
2019-12-28,0.24943309183632142,21.67494825572574,0.23823330814197977,0.0
2019-12-29,0.2619952872385549,22.467621106156457,0.23823330814197977,0.0
2019-12-30,0.2347069973607388,18.09555531563405,0.23823330814197977,0.0
2019-12-31,0.21817143381914067,23.212804743320262,0.23823330814197977,9.0
2020-01-01,0.24730601407416106,19.69124288448227,0.23823330814197977,6.6
2020-01-02,0.2149487570057222,21.69658299931709,0.23823330814197977,9.9
2020-01-03,0.2537734735517232,21.96659799045263,0.23823330814197977,0.8
2020-01-04,0.19154161591719251,19.613279264431295,0.23823330814197977,2.7
2020-01-05,0.26848293208155527,23.971325755840954,0.23823330814197977,0.0
2020-01-06,0.2720857915089231,22.77929469712769,0.23823330814197977,0.0
2020-01-07,0.2655867781536626,22.38459917994272,0.27160535870940744,0.0
2020-01-08,0.28907021788419174,22.715577040043392,0.27160535870940744,10.4
2020-01-09,0.3200126709214477,20.070373181875993,0.27160535870940744,1.7
2020-01-10,0.30650675355206886,18.500880548574038,0.27160535870940744,0.0
2020-01-11,0.20252142796901307,24.839669556201407,0.27160535870940744,0.0
2020-01-12,0.19097123455495435,23.33149172706294,0.27160535870940744,0.0
2020-01-13,0.21042272014713753,26.125099082938263,0.27160535870940744,0.0
2020-01-14,0.23904000280152043,21.71142852084489,0.27160535870940744,0.0
2020-01-15,0.26483006655687547,20.396667059527527,0.27160535870940744,0.0
2020-01-16,0.22904798650669134,21.14684607002857,0.27160535870940744,0.0
2020-01-17,0.25025123270870514,20.962142447413143,0.27160535870940744,0.2
2020-01-18,0.22363696718024526,21.911495630191567,0.27160535870940744,3.0
2020-01-19,0.2206879670493554,19.50874225454576,0.27160535870940744,0.0
2020-01-20,0.1919732517251188,19.26566476153674,0.27160535870940744,0.0
2020-01-21,0.20027881190365399,21.894749078387665,0.27160535870940744,0.0
2020-01-22,0.18777468237452452,23.057002441762847,0.27160535870940744,0.0
2020-01-23,0.19717684085815068,21.73694257704884,0.29351459651955647,1.8
2020-01-24,0.27103051513871956,24.506052376694218,0.29351459651955647,0.0
2020-01-25,0.22308019343249785,22.520562379615058,0.29351459651955647,0.0
2020-01-26,0.334057430299058,21.51997115140397,0.29351459651955647,0.0
2020-01-27,0.2924833556205485,22.91314727583207,0.29351459651955647,0.0
2020-01-28,0.2692142710154851,23.097029961959915,0.29351459651955647,0.3
2020-01-29,0.22572175899830305,25.89332336100042,0.29351459651955647,0.1
2020-01-30,0.2672273734788056,19.928075129641442,0.29351459651955647,0.0
2020-01-31,0.23502088812531957,24.32931255813798,0.29351459651955647,0.0
2020-02-01,0.24977660995018353,19.49504386728643,0.29351459651955647,0.0
2020-02-02,0.33953594182446284,18.44634211019881,0.29351459651955647,0.0
2020-02-03,0.27349868605697614,19.69184731474227,0.29351459651955647,0.0
2020-02-04,0.2972741722370915,23.933339383756227,0.29351459651955647,7.2
2020-02-05,0.23957107679172138,24.2441659253553,0.29351459651955647,0.2
2020-02-06,0.24564672587012276,25.300954691003177,0.29351459651955647,0.0
2020-02-07,0.31067204000827964,19.462615208750677,0.29351459651955647,5.3
2020-02-08,0.24625776497991203,21.485733387359033,0.35043110934549654,0.0
2020-02-09,0.3123130290238661,21.244085934877887,0.35043110934549654,0.0
2020-02-10,0.29346522644810147,21.496377920812208,0.35043110934549654,0.0
2020-02-11,0.24335323077813106,22.062007461204765,0.35043110934549654,0.0
2020-02-12,0.2701402401003825,21.971863962874824,0.35043110934549654,0.0
2020-02-13,0.2900814777670503,25.114985682416837,0.35043110934549654,0.0
2020-02-14,0.283787792007717,23.313677924906326,0.35043110934549654,0.0
2020-02-15,0.20517847240614911,23.320318132452666,0.35043110934549654,0.0
2020-02-16,0.21110374056797435,23.2817803927175,0.35043110934549654,0.0
2020-02-17,0.22966796992608962,25.11141269089146,0.35043110934549654,0.0
2020-02-18,0.24129522095932524,25.340696577984904,0.35043110934549654,0.0
2020-02-19,0.2691120897020713,26.33660540135078,0.35043110934549654,0.0
2020-02-20,0.2619531619432852,25.204052166672497,0.35043110934549654,0.0
2020-02-21,0.20684889602813203,26.440308257916058,0.35043110934549654,0.3
2020-02-22,0.25036159359364835,28.423426537117518,0.35043110934549654,0.3
2020-02-23,0.27147897916302827,25.062434367182544,0.35043110934549654,0.3
2020-02-24,0.27603635942649485,22.990054287663433,0.3185885453874555,13.4
2020-02-25,0.2956382332223602,22.02823826479059,0.3185885453874555,0.0
2020-02-26,0.2928787453759197,23.21229732227875,0.3185885453874555,0.0
2020-02-27,0.27893492638577116,25.489808117746964,0.3185885453874555,0.0
2020-02-28,0.2562246780146787,29.081584820140343,0.3185885453874555,0.0
2020-02-29,0.1937337707313439,24.733219953808085,0.3185885453874555,0.0
2020-03-01,0.24815676888904364,29.51963669780339,0.3185885453874555,0.0
2020-03-02,0.256716099717422,26.082558913535255,0.3185885453874555,0.0
2020-03-03,0.26152008921706466,23.861052936487763,0.3185885453874555,0.1
2020-03-04,0.20876982661140855,24.534365085588185,0.3185885453874555,0.0
2020-03-05,0.19979396906913338,25.606515413534186,0.3185885453874555,0.0
2020-03-06,0.2717985405873916,26.533395750312852,0.3185885453874555,2.9
2020-03-07,0.25515513179123456,25.88630778473021,0.3185885453874555,4.1
2020-03-08,0.27539906394541225,26.78952027496166,0.3185885453874555,0.0
2020-03-09,0.25861086234818975,30.07888024459249,0.3185885453874555,0.0
2020-03-10,0.253624723586808,29.240919707773497,0.3185885453874555,1.7
2020-03-11,0.28392735028520233,26.914356459284356,0.30292989433176776,4.1
2020-03-12,0.2421166395979526,23.280453830565843,0.30292989433176776,3.0
2020-03-13,0.2509992190723202,28.052149460756308,0.30292989433176776,5.7
2020-03-14,0.23412013061701956,28.164320040110873,0.30292989433176776,5.2
2020-03-15,0.23002867122497483,29.779581541897304,0.30292989433176776,0.0
2020-03-16,0.23318757704609006,27.983513439533493,0.30292989433176776,0.0
2020-03-17,0.25273095512100696,25.537954645125147,0.30292989433176776,0.0
2020-03-18,0.23406308477808035,28.143891612712455,0.30292989433176776,1.5
2020-03-19,0.2891703898284973,29.00965214599125,0.30292989433176776,17.9
2020-03-20,0.23043986137086653,26.061342679877953,0.30292989433176776,0.0
2020-03-21,0.2375914508656124,27.635846612507958,0.30292989433176776,1.2
2020-03-22,0.2308868482200876,26.70722140820715,0.30292989433176776,0.0
2020-03-23,0.2949102804184069,32.74357308769722,0.30292989433176776,0.0
2020-03-24,0.2703525013034272,27.192602628584734,0.30292989433176776,0.0
2020-03-25,0.29222030927243037,28.24195102437826,0.30292989433176776,0.0
2020-03-26,0.2106714797254351,30.031202322517483,0.30292989433176776,0.0
2020-03-27,0.24754820322305457,28.827406415183013,0.3222668782079896,0.0
2020-03-28,0.28040153881373664,30.123853257549385,0.3222668782079896,0.0
2020-03-29,0.26200040126876084,29.62327630521443,0.3222668782079896,0.9
2020-03-30,0.29089193350791553,30.612751299241907,0.3222668782079896,0.0
2020-03-31,0.24416248429886162,32.073526440922805,0.3222668782079896,0.0
2020-04-01,0.2975759056961538,31.301233258638227,0.3222668782079896,0.0
2020-04-02,0.3447342060355199,32.37782191340443,0.3222668782079896,0.0
2020-04-03,0.2657209121952679,30.895913164818985,0.3222668782079896,0.0
2020-04-04,0.23912368540955334,31.17924412906758,0.3222668782079896,5.8
2020-04-05,0.29760556232198554,30.1853915893595,0.3222668782079896,0.0
2020-04-06,0.31956669379717056,30.39257006584578,0.3222668782079896,0.1
2020-04-07,0.2525699071887868,30.315771850572045,0.3222668782079896,0.0
2020-04-08,0.23606443355828105,32.844925994129845,0.3222668782079896,0.0
2020-04-09,0.23595686875736654,33.88990725408984,0.3222668782079896,0.3
2020-04-10,0.19873129274101026,33.389176424541084,0.3222668782079896,0.1
2020-04-11,0.20246656969535615,33.8107473546754,0.3222668782079896,0.0
2020-04-12,0.20059504407228446,32.69926913972261,0.2524411645220132,0.0
2020-04-13,0.2083055984430408,31.660471533046316,0.2524411645220132,0.0
2020-04-14,0.23627770847437488,35.35584363716909,0.2524411645220132,0.0
2020-04-15,0.2540808281810907,33.398134185803656,0.2524411645220132,0.0
2020-04-16,0.3054917657028199,29.02781042300354,0.2524411645220132,0.0
2020-04-17,0.2317051382849883,32.99992435877855,0.2524411645220132,0.0
2020-04-18,0.2789628254321769,32.6269773353891,0.2524411645220132,0.0
2020-04-19,0.25119923808176026,33.45465734613178,0.2524411645220132,0.0
2020-04-20,0.2486285415866929,30.506473640087776,0.2524411645220132,0.0
2020-04-21,0.273207244701839,34.84087150757342,0.2524411645220132,0.0
2020-04-22,0.21766690265587124,33.26279073102465,0.2524411645220132,0.0
2020-04-23,0.2536844119132031,36.834542265020204,0.2524411645220132,0.0
2020-04-24,0.2569311508614179,30.84463508876852,0.2524411645220132,0.0
2020-04-25,0.26931513949871055,37.05920034725789,0.2524411645220132,0.0
2020-04-26,0.26591544438638676,34.136709869222656,0.2524411645220132,0.0
2020-04-27,0.3407101382127973,35.97219327592104,0.2524411645220132,0.1
2020-04-28,0.2548921420150431,33.46524049010729,0.25451647601452665,0.0
2020-04-29,0.2328827491794493,36.16207807447297,0.25451647601452665,0.0
2020-04-30,0.22305490632896802,32.881647447921914,0.25451647601452665,0.0
2020-05-01,0.22247477272808147,36.672565011875506,0.25451647601452665,0.0
2020-05-02,0.2194338823626963,34.19009309297344,0.25451647601452665,0.0
2020-05-03,0.28244574329757316,32.87878632884185,0.25451647601452665,0.0
2020-05-04,0.30945137166891684,36.80141534758918,0.25451647601452665,0.0
2020-05-05,0.2478592912194434,37.44261042244879,0.25451647601452665,0.0
2020-05-06,0.220225342307185,36.01132885696284,0.25451647601452665,0.0
2020-05-07,0.25756714716567963,38.05944862949204,0.25451647601452665,0.0
2020-05-08,0.23294233759986988,40.027056076885316,0.25451647601452665,0.0
2020-05-09,0.26703531490140386,39.039824306590006,0.25451647601452665,0.0
2020-05-10,0.26221290020021665,34.91439531144388,0.25451647601452665,0.0
2020-05-11,0.20061282603516187,33.03717996357338,0.25451647601452665,0.0
2020-05-12,0.2893465298571007,36.11059106608543,0.25451647601452665,0.2
2020-05-13,0.3246596775154735,35.097664383005586,0.25451647601452665,0.0
2020-05-14,0.2509502990876885,40.001874915722354,0.22598715936195513,0.0
2020-05-15,0.2367155351285471,36.86434913973918,0.22598715936195513,0.0
2020-05-16,0.2560199492139358,35.7725416084149,0.22598715936195513,0.0
2020-05-17,0.2635119724137266,40.21713279916117,0.22598715936195513,0.0
2020-05-18,0.27710264126766704,38.82760383241327,0.22598715936195513,0.4
2020-05-19,0.3284879512371223,37.44579920972052,0.22598715936195513,0.0
2020-05-20,0.26735323240884495,42.48165203398148,0.22598715936195513,0.0
2020-05-21,0.22726556616380758,39.46452927476661,0.22598715936195513,0.0
2020-05-22,0.19490349686863379,35.94948011062886,0.22598715936195513,0.0
2020-05-23,0.20788849766262296,35.86904878055579,0.22598715936195513,0.0
2020-05-24,0.23620710524820396,37.3196780578372,0.22598715936195513,0.0
2020-05-25,0.30867165679758374,41.25759023337582,0.22598715936195513,0.0
2020-05-26,0.2494851015730091,42.542694513788945,0.22598715936195513,0.0
2020-05-27,0.25767810877926417,39.24235911445266,0.22598715936195513,0.0
2020-05-28,0.2517286312712329,38.336145581497,0.22598715936195513,0.0
2020-05-29,0.2921123539520528,40.99571779054292,0.22598715936195513,0.0
2020-05-30,0.3510763410911926,42.436372923953904,0.26503313677975776,0.0
2020-05-31,0.26174249527514654,36.440754035194054,0.26503313677975776,0.1
2020-06-01,0.41139236809440616,39.157504941140026,0.26503313677975776,0.0
2020-06-02,0.5099633411257394,41.31255401721867,0.26503313677975776,19.3
2020-06-03,0.5268552044746427,41.984873665413375,0.26503313677975776,6.6
2020-06-04,0.5726913177431541,39.3716347841988,0.26503313677975776,6.3
2020-06-05,0.5422448818093549,41.05025012898071,0.26503313677975776,0.7
2020-06-06,0.5000982413652594,43.28238143843044,0.26503313677975776,0.3
2020-06-07,0.5207023914838087,35.733844125603035,0.26503313677975776,0.8
2020-06-08,0.5450153427655444,41.88921580808261,0.26503313677975776,0.2
2020-06-09,0.542221479171571,43.732253417862324,0.26503313677975776,0.6
2020-06-10,0.5304210348402267,39.45036627985281,0.26503313677975776,0.3
2020-06-11,0.5464599245876883,39.39022976943853,0.26503313677975776,0.8
2020-06-12,0.5548633230419051,38.71941650186932,0.26503313677975776,23.4
2020-06-13,0.564834561598885,40.8976769371699,0.26503313677975776,8.6
2020-06-14,0.542155214545303,42.31067455920428,0.26503313677975776,2.9
2020-06-15,0.506797431552501,39.30407744269861,0.3056489914111139,20.8
2020-06-16,0.5071742084909165,42.47451850881649,0.3056489914111139,11.8
2020-06-17,0.5443800763750675,44.132560906325594,0.3056489914111139,27.2
2020-06-18,0.484721274427967,43.829383995921575,0.3056489914111139,4.4
2020-06-19,0.5083199481389417,45.0,0.3056489914111139,0.4
2020-06-20,0.48872912601022483,42.37531507190031,0.3056489914111139,3.3
2020-06-21,0.497624806605786,41.88501703365281,0.3056489914111139,9.6
2020-06-22,0.5440332571729912,43.80342519262056,0.3056489914111139,51.6
2020-06-23,0.519898444532594,39.39402555933915,0.3056489914111139,93.7
2020-06-24,0.5075948125452434,39.508689921821414,0.3056489914111139,3.0
2020-06-25,0.45468347882927584,40.57493481410165,0.3056489914111139,6.5
2020-06-26,0.5125239184597354,39.38841096628693,0.3056489914111139,8.1
2020-06-27,0.5263491218778582,43.32640183924679,0.3056489914111139,19.4
2020-06-28,0.5836186518790486,42.1597174934324,0.3056489914111139,7.7
2020-06-29,0.5143133573403595,40.803429472552565,0.3056489914111139,6.0
2020-06-30,0.5119642686703457,37.88090531090611,0.3056489914111139,7.1
2020-07-01,0.5123177095309801,39.84044741127866,0.4490342476895891,1.4
2020-07-02,0.5589061776510156,44.8489759227539,0.4490342476895891,7.6
2020-07-03,0.5143365096617614,45.0,0.4490342476895891,22.1
2020-07-04,0.5140667063004902,45.0,0.4490342476895891,23.2
2020-07-05,0.5254963897302258,42.49737913373345,0.4490342476895891,13.8
2020-07-06,0.5141802362295402,39.58790020279173,0.4490342476895891,22.6
2020-07-07,0.48862889435959356,40.634636002064454,0.4490342476895891,3.0
2020-07-08,0.5033818180593188,43.50982090543635,0.4490342476895891,0.6
2020-07-09,0.5385916566628877,45.0,0.4490342476895891,17.2
2020-07-10,0.4756494615194792,43.59138878305452,0.4490342476895891,18.6
2020-07-11,0.4973487770509844,41.99126054264588,0.4490342476895891,2.6
2020-07-12,0.4747004045924242,42.274609277693514,0.4490342476895891,4.5
2020-07-13,0.5342367533900967,39.515579791156895,0.4490342476895891,8.3
2020-07-14,0.4569594843495969,39.12640041804726,0.4490342476895891,10.5
2020-07-15,0.4675255806503734,40.59299708868962,0.4490342476895891,28.9
2020-07-16,0.5034600898223702,41.6689786422848,0.4490342476895891,3.5
2020-07-17,0.555831367969913,39.81599881084519,0.44995962008002727,4.5
2020-07-18,0.5144481512534193,45.0,0.44995962008002727,2.2
2020-07-19,0.4849024619417638,40.2010567981057,0.44995962008002727,23.8
2020-07-20,0.5613112360129497,41.41808745052125,0.44995962008002727,20.7
2020-07-21,0.46771288428931634,40.06627036782675,0.44995962008002727,16.0
2020-07-22,0.413355656805092,39.4484529838285,0.44995962008002727,17.4
2020-07-23,0.4894072027933942,40.1384485999504,0.44995962008002727,18.7
2020-07-24,0.47925026298567686,44.96373357525512,0.44995962008002727,0.5
2020-07-25,0.4580319302961281,42.7923615295836,0.44995962008002727,14.3
2020-07-26,0.5122020547443158,41.583573696463866,0.44995962008002727,0.7
2020-07-27,0.5121936414052867,41.05923152345052,0.44995962008002727,2.8
2020-07-28,0.4839153403458004,43.92887997931699,0.44995962008002727,6.7
2020-07-29,0.45036394815025876,41.97979528012996,0.44995962008002727,2.4
2020-07-30,0.5156451909348827,40.79459931485138,0.44995962008002727,2.0
2020-07-31,0.5274505985090179,42.174370832942145,0.44995962008002727,1.5
2020-08-01,0.504764024320427,39.3128708786673,0.44995962008002727,9.2
2020-08-02,0.5660615021577964,40.34458510003974,0.4180734883212774,10.5
2020-08-03,0.48236548382592354,43.78569770661041,0.4180734883212774,28.6
2020-08-04,0.4413162641654112,44.92530362811598,0.4180734883212774,32.5
2020-08-05,0.4581780968037798,38.86263542689236,0.4180734883212774,9.6
2020-08-06,0.48585791846869153,40.4966403317616,0.4180734883212774,15.9
2020-08-07,0.5042742562669017,41.19976176354456,0.4180734883212774,7.4
2020-08-08,0.49283901485509896,40.427386278776204,0.4180734883212774,50.9
2020-08-09,0.5101736433345301,42.671179917538055,0.4180734883212774,41.9
2020-08-10,0.45924821315369346,38.361715766858524,0.4180734883212774,14.9
2020-08-11,0.5383062250886721,41.16365910910411,0.4180734883212774,11.8
2020-08-12,0.5086165762828617,42.07395275537937,0.4180734883212774,21.0
2020-08-13,0.541690326990443,43.874798199799955,0.4180734883212774,27.1
2020-08-14,0.5245024852203525,37.58336180295143,0.4180734883212774,7.3
2020-08-15,0.5233371082364882,39.82508307965034,0.4180734883212774,4.9
2020-08-16,0.5269429872790735,40.57258997730982,0.4180734883212774,64.4
2020-08-17,0.523752695784328,39.45055678251363,0.4180734883212774,47.8
2020-08-18,0.5296211053306624,37.80235832521477,0.5297341682802105,19.5
2020-08-19,0.5554066701538338,36.83835918721058,0.5297341682802105,10.3
2020-08-20,0.5235002419857016,41.38270885233957,0.5297341682802105,20.9
2020-08-21,0.5318652041113083,40.568014209908455,0.5297341682802105,25.0
2020-08-22,0.5064188119333395,41.76397843974852,0.5297341682802105,3.1
2020-08-23,0.5523297461207334,37.37107100337657,0.5297341682802105,2.7
2020-08-24,0.4920251932641455,37.9626020212871,0.5297341682802105,2.4
2020-08-25,0.5606404731311222,42.41112353659359,0.5297341682802105,0.6
2020-08-26,0.5167866136667846,40.6337916615055,0.5297341682802105,6.9
2020-08-27,0.45495885552590365,40.253882669689624,0.5297341682802105,52.8
2020-08-28,0.49097131117964876,39.80511395873594,0.5297341682802105,141.3
2020-08-29,0.4734545853422738,34.54068513577318,0.5297341682802105,30.7
2020-08-30,0.5214588998172874,40.59499369978487,0.5297341682802105,3.4
2020-08-31,0.48359583066960254,34.73166705230074,0.5297341682802105,0.9
2020-09-01,0.47946232903836344,36.669110657356775,0.5297341682802105,0.3
2020-09-02,0.42770477312841537,38.518431189205394,0.5297341682802105,3.4
2020-09-03,0.4624807107648069,38.11582363631049,0.45093064934242255,2.8
2020-09-04,0.4039084367974285,36.71693674479555,0.45093064934242255,2.0
2020-09-05,0.4157359322172282,37.40544053617357,0.45093064934242255,5.8
2020-09-06,0.5013352926302188,37.098840401419324,0.45093064934242255,19.7
2020-09-07,0.5279035933418447,38.255411848263236,0.45093064934242255,4.7
2020-09-08,0.5232620926650271,37.969531114517295,0.45093064934242255,3.7
2020-09-09,0.4731344627899856,37.196882884941175,0.45093064934242255,10.0
2020-09-10,0.49027044137202636,37.63944394832949,0.45093064934242255,25.4
2020-09-11,0.496955043543438,37.104310997745934,0.45093064934242255,6.7
2020-09-12,0.4585437489412924,37.01237398060209,0.45093064934242255,1.5
2020-09-13,0.540182065244238,37.15836210831741,0.45093064934242255,3.7
2020-09-14,0.5427622997434198,35.8066917699985,0.45093064934242255,1.2
2020-09-15,0.5050949438389877,35.6917542890453,0.45093064934242255,5.1
2020-09-16,0.5024694875165048,37.822089717933835,0.45093064934242255,7.1
2020-09-17,0.5080342445331159,34.35958117125037,0.45093064934242255,2.2
2020-09-18,0.4309495529650845,33.20808697536696,0.45093064934242255,3.7
2020-09-19,0.4706336575013045,36.424520016438244,0.47807043350088313,12.8
2020-09-20,0.46732064857046834,36.12059120025952,0.47807043350088313,2.3
2020-09-21,0.4551394942248185,37.16650542254917,0.47807043350088313,21.5
2020-09-22,0.4767033380164371,34.96576697169868,0.47807043350088313,28.9
2020-09-23,0.5559300298446643,35.08427364537255,0.47807043350088313,20.7
2020-09-24,0.5392085090977446,33.96693217751938,0.47807043350088313,11.6
2020-09-25,0.4917712880869255,31.37702595149125,0.47807043350088313,1.0
2020-09-26,0.5175717837735432,33.746597602786665,0.47807043350088313,0.8
2020-09-27,0.554248975412573,35.56494309487559,0.47807043350088313,0.3
2020-09-28,0.5486368715257188,34.229779171911,0.47807043350088313,1.8
2020-09-29,0.5166781244049217,35.62769044144415,0.47807043350088313,8.0
2020-09-30,0.4823606501017814,34.731135982006315,0.47807043350088313,0.1
2020-10-01,0.34414601100701003,32.996417776152505,0.47807043350088313,0.0
2020-10-02,0.2920157917918642,37.80630659146951,0.47807043350088313,0.0
2020-10-03,0.2939365002385299,36.20159282327028,0.47807043350088313,0.0
2020-10-04,0.2854119631304279,31.96835250242736,0.47807043350088313,0.0
2020-10-05,0.2973579339753051,32.46009992378872,0.44007615891581586,2.1
2020-10-06,0.2454741477879716,35.46416899740275,0.44007615891581586,6.9
2020-10-07,0.29475103663359287,36.21699401919054,0.44007615891581586,16.7
2020-10-08,0.2703412971543119,35.6881085999542,0.44007615891581586,12.5
2020-10-09,0.32873651968817785,29.474766316561162,0.44007615891581586,3.2
2020-10-10,0.24949938227331847,32.69683274898056,0.44007615891581586,2.6
2020-10-11,0.31060854779277924,34.86367766243283,0.44007615891581586,8.6
2020-10-12,0.27510944175902646,31.478878079206172,0.44007615891581586,0.0
2020-10-13,0.23473320240120224,34.57336537783621,0.44007615891581586,0.1
2020-10-14,0.2284839565284594,31.10885773332822,0.44007615891581586,0.4
2020-10-15,0.2323330311717366,32.023693680911244,0.44007615891581586,9.0
2020-10-16,0.259545717475588,29.894974790944254,0.44007615891581586,3.4
2020-10-17,0.27116295732391893,29.74192320110323,0.44007615891581586,1.7
2020-10-18,0.2362693870593254,29.08751666131389,0.44007615891581586,0.2
2020-10-19,0.24502840538866322,30.30814006952201,0.44007615891581586,0.1
2020-10-20,0.32348798416801416,28.530720047724913,0.44007615891581586,0.1
2020-10-21,0.33251040620392913,32.80602041698782,0.4731603776024597,0.0
2020-10-22,0.29002445029976986,29.144264979910908,0.4731603776024597,0.0
2020-10-23,0.26333745682581794,30.224715215395424,0.4731603776024597,0.0
2020-10-24,0.2582023334828845,28.92735656304602,0.4731603776024597,0.0
2020-10-25,0.2739338290904299,31.770929097777874,0.4731603776024597,0.0
2020-10-26,0.22138240894518474,29.48147392816335,0.4731603776024597,0.2
2020-10-27,0.23240654387373832,30.41443771922452,0.4731603776024597,0.0
2020-10-28,0.18632152057640586,29.266718926308922,0.4731603776024597,0.0
2020-10-29,0.24486926546410653,31.42200356770048,0.4731603776024597,0.0
2020-10-30,0.27111263752882786,28.261613085085614,0.4731603776024597,0.0
2020-10-31,0.23942226507817027,24.71061964086686,0.4731603776024597,0.0
2020-11-01,0.3019162162386022,28.942229449127478,0.4731603776024597,0.0
2020-11-02,0.22267306666649872,28.537623004436824,0.4731603776024597,0.0
2020-11-03,0.19054879919260592,27.329894723179468,0.4731603776024597,0.0
2020-11-04,0.2400204534073808,26.991727991809828,0.4731603776024597,0.0
2020-11-05,0.28365457661363963,27.46848863424467,0.4731603776024597,0.0
2020-11-06,0.31903384218511727,27.52821575201354,0.3590453009417529,0.0
2020-11-07,0.25464920345512226,29.10903538800546,0.3590453009417529,0.0
2020-11-08,0.28914859020663203,26.56336626309348,0.3590453009417529,0.0
2020-11-09,0.26039678062946486,28.513387735192552,0.3590453009417529,0.0
2020-11-10,0.24707707869091078,23.104979954576166,0.3590453009417529,0.0
2020-11-11,0.2800512214193068,27.146576840696056,0.3590453009417529,0.0
2020-11-12,0.2818466671702617,23.460434429723808,0.3590453009417529,0.3
2020-11-13,0.20438027465662975,27.825019701307752,0.3590453009417529,0.0
2020-11-14,0.28799299463739525,31.16744089604008,0.3590453009417529,0.0
2020-11-15,0.30970109578637933,23.76819529056857,0.3590453009417529,0.0
2020-11-16,0.24601563418308026,28.829160251593276,0.3590453009417529,0.0
2020-11-17,0.26265781392523335,24.257404889043187,0.3590453009417529,0.0
2020-11-18,0.27108840069746587,25.541801498999654,0.3590453009417529,0.0
2020-11-19,0.2654501020130765,27.180599640071566,0.3590453009417529,0.0
2020-11-20,0.23537435021933323,23.704063237751445,0.3590453009417529,1.3
2020-11-21,0.22210548718796813,25.402500114649296,0.3590453009417529,0.0
2020-11-22,0.24073725367168985,22.99088916405991,0.4566462409605366,0.0
2020-11-23,0.28826669177558467,27.156366402851766,0.4566462409605366,0.0
2020-11-24,0.28050601294348054,24.209278154690203,0.4566462409605366,0.0
2020-11-25,0.24618030226003043,23.764865835009914,0.4566462409605366,0.0
2020-11-26,0.2758635455507012,23.81456033091532,0.4566462409605366,2.8
2020-11-27,0.1580600719431577,22.682181750378255,0.4566462409605366,0.0
2020-11-28,0.2626248210959709,23.988879990574606,0.4566462409605366,0.0
2020-11-29,0.19289746407155778,20.246428196741782,0.4566462409605366,0.0
2020-11-30,0.2201838062723577,27.912944928495495,0.4566462409605366,0.0
2020-12-01,0.20186669556979225,25.502138609870435,0.4566462409605366,0.0
2020-12-02,0.19024615702070596,24.011923624297612,0.4566462409605366,0.0
2020-12-03,0.27270278466445996,20.6469156353373,0.4566462409605366,0.0
2020-12-04,0.2404412933534218,24.853620555257663,0.4566462409605366,0.0
2020-12-05,0.2592600238666015,24.300724612789907,0.4566462409605366,0.0
2020-12-06,0.251135786899209,21.56053148533881,0.4566462409605366,0.0
2020-12-07,0.26703716502257197,23.535427431898107,0.4566462409605366,0.0
2020-12-08,0.2577999156938805,22.857813300677734,0.2191460180976474,0.0
2020-12-09,0.2074352468615642,18.0,0.2191460180976474,0.0
2020-12-10,0.27209991273911915,23.5214860699887,0.2191460180976474,0.0
2020-12-11,0.23934849341108982,24.633264684639578,0.2191460180976474,0.0
2020-12-12,0.19232418157023565,20.67196396535247,0.2191460180976474,0.0
2020-12-13,0.21771322383726371,22.148774214417955,0.2191460180976474,0.0
2020-12-14,0.29284055982338,23.01183401743149,0.2191460180976474,0.2
2020-12-15,0.29260992892098625,21.213608228038808,0.2191460180976474,0.2
2020-12-16,0.2505801539720208,23.13763271376807,0.2191460180976474,0.0
2020-12-17,0.2379500265404612,24.334655436451275,0.2191460180976474,0.0
2020-12-18,0.23512778116952993,22.57828238150404,0.2191460180976474,0.0
2020-12-19,0.3182245137754884,22.208333226461384,0.2191460180976474,0.0
2020-12-20,0.2838350949607509,20.61798652485341,0.2191460180976474,0.0
2020-12-21,0.2752019861399127,21.847972016054808,0.2191460180976474,0.0
2020-12-22,0.29362051673308825,21.108855709449415,0.2191460180976474,0.0
2020-12-23,0.2714437755858544,26.13141929158822,0.2191460180976474,0.0
2020-12-24,0.2473666575720317,23.47006806930348,0.31540897520569805,0.0
2020-12-25,0.24233775255363527,25.26387476662539,0.31540897520569805,0.0
2020-12-26,0.24519528168659832,25.078308680195185,0.31540897520569805,0.0
2020-12-27,0.247255806228135,19.69698217553283,0.31540897520569805,0.0
2020-12-28,0.27464377589573474,25.76448075783744,0.31540897520569805,0.0
2020-12-29,0.2592112387719759,21.95797964978823,0.31540897520569805,0.0
2020-12-30,0.27840577433413805,23.173478849682002,0.31540897520569805,0.0
2020-12-31,0.25569665199644104,20.853497019783585,0.31540897520569805,0.0
2021-01-01,0.2544612272599955,21.98679491729264,0.31540897520569805,0.0
2021-01-02,0.18140134421937487,19.624616800480556,0.31540897520569805,0.0
2021-01-03,0.26149187188039935,23.90161786908666,0.31540897520569805,0.0
2021-01-04,0.26557465822054954,21.964088969095737,0.31540897520569805,0.0
2021-01-05,0.2896027513112527,22.547186222221324,0.31540897520569805,0.0
2021-01-06,0.16051188715659664,20.626658971186767,0.31540897520569805,0.0
2021-01-07,0.29624668081430444,21.99684754261021,0.31540897520569805,0.0
2021-01-08,0.2589883672588602,21.76037631615621,0.31540897520569805,0.0
2021-01-09,0.2914829087634711,21.255411221509956,0.28879188562799835,0.0
2021-01-10,0.22604816517964774,19.362125710350476,0.28879188562799835,0.0
2021-01-11,0.2642615362310842,22.177593348357103,0.28879188562799835,0.0
2021-01-12,0.21740891615824726,24.33853048784962,0.28879188562799835,0.0
2021-01-13,0.21839076122312095,21.201896238206334,0.28879188562799835,0.0
2021-01-14,0.30750832575227377,25.903159788088463,0.28879188562799835,0.0
2021-01-15,0.26057861369896496,22.46011871850009,0.28879188562799835,0.0
2021-01-16,0.26078373467097976,24.05505942024448,0.28879188562799835,0.0
2021-01-17,0.2836874909754003,23.251351053534236,0.28879188562799835,0.0
2021-01-18,0.27745511337166123,20.846153387257292,0.28879188562799835,0.0
2021-01-19,0.2635011956915235,23.006828286969316,0.28879188562799835,0.0
2021-01-20,0.2668239937937749,21.42275579041053,0.28879188562799835,0.0
2021-01-21,0.33916674362147214,22.79172015586095,0.28879188562799835,0.0
2021-01-22,0.27473336519026614,23.760334878793053,0.28879188562799835,0.0
2021-01-23,0.2644584761921037,20.832644732732902,0.28879188562799835,0.0
2021-01-24,0.29111044671789754,24.71317783229171,0.28879188562799835,0.0
2021-01-25,0.3010265416688987,21.607760264761115,0.23599148014086138,0.0
2021-01-26,0.3068540231952829,20.498954408980826,0.23599148014086138,0.0
2021-01-27,0.28941176472960634,22.62757365832213,0.23599148014086138,0.0
2021-01-28,0.22181835747331496,20.534466292357546,0.23599148014086138,0.7
2021-01-29,0.29871561087253284,20.366004285642305,0.23599148014086138,4.6
2021-01-30,0.22449259450610576,20.175962130900047,0.23599148014086138,0.0
2021-01-31,0.25294001963519785,27.110842683754676,0.23599148014086138,0.0
2021-02-01,0.2244823511398818,24.356726665536574,0.23599148014086138,0.0
2021-02-02,0.2400998632112098,23.892346100070053,0.23599148014086138,0.0
2021-02-03,0.25853664332398474,24.01408442302959,0.23599148014086138,0.0
2021-02-04,0.263808495537955,24.236448777234887,0.23599148014086138,0.0
2021-02-05,0.26890977505962144,25.46115365488315,0.23599148014086138,0.0
2021-02-06,0.31215282693493906,23.753213275896087,0.23599148014086138,0.0
2021-02-07,0.284519548633471,23.58937971303077,0.23599148014086138,0.0
2021-02-08,0.2518103823548686,20.914685248509453,0.23599148014086138,0.0
2021-02-09,0.28428616559655306,21.957543456116536,0.23599148014086138,0.0
2021-02-10,0.3019173167913283,24.30472349119325,0.21380311435486238,0.0
2021-02-11,0.22260892150760375,20.9199681081502,0.21380311435486238,0.0
2021-02-12,0.26269167889702616,25.355043385126287,0.21380311435486238,0.0
2021-02-13,0.2783485496499893,23.71531954106208,0.21380311435486238,0.0
2021-02-14,0.24808984227739705,23.194165216191784,0.21380311435486238,0.0
2021-02-15,0.29757669114912577,27.25385767763354,0.21380311435486238,0.0
2021-02-16,0.2590210617985993,22.319026451162053,0.21380311435486238,0.0
2021-02-17,0.25710149441108376,24.324375891733123,0.21380311435486238,8.6
2021-02-18,0.24607293447338968,23.540108421898662,0.21380311435486238,0.1
2021-02-19,0.24936714700736828,27.805175995336437,0.21380311435486238,0.4
2021-02-20,0.2114405160608784,23.015007933354607,0.21380311435486238,0.1
2021-02-21,0.1880303739274632,24.599867499381112,0.21380311435486238,0.0
2021-02-22,0.28721678939111295,23.65116507890421,0.21380311435486238,0.0
2021-02-23,0.2315213896261924,25.935458824064376,0.21380311435486238,0.0
2021-02-24,0.20975768465688693,26.667370068660507,0.21380311435486238,0.0
2021-02-25,0.16255865142093606,22.248304335921965,0.21380311435486238,0.0
2021-02-26,0.20140393425714823,24.439987716078317,0.20283449806972742,0.0
2021-02-27,0.18911303750788203,25.86809459891822,0.20283449806972742,0.0
2021-02-28,0.28920444185713756,26.567302884787058,0.20283449806972742,0.0
2021-03-01,0.29710493068413346,24.95458026397648,0.20283449806972742,0.0
2021-03-02,0.2400462171240197,25.821585780109377,0.20283449806972742,0.0
2021-03-03,0.3258491183242567,27.563155568037654,0.20283449806972742,0.0
2021-03-04,0.3071165275419828,27.96927525140058,0.20283449806972742,0.0
2021-03-05,0.25576585983979305,21.725991803733287,0.20283449806972742,0.0
2021-03-06,0.16425055793136284,26.092794968244053,0.20283449806972742,0.0
2021-03-07,0.3044581574200848,25.51795567811413,0.20283449806972742,0.0
2021-03-08,0.21770241088929956,27.025524524603043,0.20283449806972742,0.0
2021-03-09,0.18272176712329863,28.049594860796944,0.20283449806972742,0.0
2021-03-10,0.265606495257327,25.364816130295097,0.20283449806972742,0.0
2021-03-11,0.3400732827990727,26.478926345721945,0.20283449806972742,0.0
2021-03-12,0.32547153348758995,27.471048636420985,0.20283449806972742,0.0
2021-03-13,0.29237827924810955,28.506291002400747,0.20283449806972742,0.0
2021-03-14,0.28352988573271787,26.056515401139734,0.27808431215251467,0.0
2021-03-15,0.28992851027712613,27.59508308834563,0.27808431215251467,0.0
2021-03-16,0.28854105372567457,25.47189971175015,0.27808431215251467,0.0
2021-03-17,0.2714040159566305,27.973840247403732,0.27808431215251467,0.0
2021-03-18,0.2600682434253048,28.290739248316576,0.27808431215251467,0.0
2021-03-19,0.25082971355110817,25.871752834341684,0.27808431215251467,0.6
2021-03-20,0.22386015345499877,30.52154805414831,0.27808431215251467,0.0
2021-03-21,0.23233441834616253,29.851446632963825,0.27808431215251467,0.0
2021-03-22,0.18544683700701026,26.952947018157523,0.27808431215251467,0.1
2021-03-23,0.2271921641642868,29.476057985815384,0.27808431215251467,0.0
2021-03-24,0.2085569604990039,29.636275238828876,0.27808431215251467,0.0
2021-03-25,0.1989414620471492,25.654484351869197,0.27808431215251467,0.0
2021-03-26,0.24097873390451646,28.549386347001626,0.27808431215251467,0.0
2021-03-27,0.2960137001934159,30.183132945032284,0.27808431215251467,0.0
2021-03-28,0.2959451912681057,26.75439442502195,0.27808431215251467,0.0
2021-03-29,0.2088160362536205,28.917068562539843,0.27808431215251467,0.0
2021-03-30,0.20300782609612433,31.281855092690307,0.2153603679321312,0.0
2021-03-31,0.26882933940842485,31.09352305605536,0.2153603679321312,0.0
2021-04-01,0.22126174304868662,27.82997900567957,0.2153603679321312,0.0
2021-04-02,0.2335163626647101,32.8297362440769,0.2153603679321312,0.0
2021-04-03,0.2643067322652723,31.876262113525748,0.2153603679321312,0.0
2021-04-04,0.22039996375935444,32.17321281317132,0.2153603679321312,0.0
2021-04-05,0.2448081318429149,35.732767095485706,0.2153603679321312,0.0
2021-04-06,0.2017515472307373,30.91483962102472,0.2153603679321312,0.0
2021-04-07,0.2144775966309287,33.44885865992936,0.2153603679321312,0.0
2021-04-08,0.2505356466842674,28.631008160936613,0.2153603679321312,0.0
2021-04-09,0.1944059133316718,33.045211637382295,0.2153603679321312,0.4
2021-04-10,0.2487383898281155,36.7319764031821,0.2153603679321312,0.0
2021-04-11,0.2489341939860008,33.70404303248853,0.2153603679321312,0.0
2021-04-12,0.2690174066004004,31.60363668098953,0.2153603679321312,0.0
2021-04-13,0.26354221667238326,29.362243371709937,0.2153603679321312,0.0
2021-04-14,0.30180758005079955,31.772897752983468,0.2153603679321312,0.0
2021-04-15,0.2699251316079166,33.6912698572358,0.33508797891382924,0.0
2021-04-16,0.2409483455429911,29.10117547856984,0.33508797891382924,0.0
2021-04-17,0.25156491626902727,33.643861793958116,0.33508797891382924,0.0
2021-04-18,0.2694849058969817,32.368387076887906,0.33508797891382924,0.0
2021-04-19,0.25755557423049413,31.87297128957252,0.33508797891382924,0.0
2021-04-20,0.2536873814612841,34.36537310646075,0.33508797891382924,0.0
2021-04-21,0.2265365053651488,32.74485712324628,0.33508797891382924,0.0
2021-04-22,0.21975941949526145,32.86343709431095,0.33508797891382924,0.0
2021-04-23,0.19183664133558914,33.1715077565415,0.33508797891382924,0.0
2021-04-24,0.2937861784122196,32.250501334491204,0.33508797891382924,0.0
2021-04-25,0.2196006402849709,35.1897576696427,0.33508797891382924,0.0
2021-04-26,0.2166285101626345,31.114685154459732,0.33508797891382924,0.0
2021-04-27,0.2148442987538684,35.24541047492174,0.33508797891382924,0.0
2021-04-28,0.27077564281921596,36.231576929917786,0.33508797891382924,0.0
2021-04-29,0.2459094541055438,37.1855094537345,0.33508797891382924,0.0
2021-04-30,0.29244380877524384,36.226137296965014,0.33508797891382924,0.0
2021-05-01,0.23916097078403772,38.021695799641385,0.19741386974654926,0.0
2021-05-02,0.2565130869130444,33.199996447821874,0.19741386974654926,0.0
2021-05-03,0.2227167792098218,35.19977935931601,0.19741386974654926,0.8
2021-05-04,0.3168952532350151,34.41876108273853,0.19741386974654926,0.0
2021-05-05,0.22850263130447157,32.50295641946297,0.19741386974654926,0.0
2021-05-06,0.25439451424928744,37.28608858658613,0.19741386974654926,0.0
2021-05-07,0.2735005451074097,38.06864670784738,0.19741386974654926,0.2
2021-05-08,0.2715331319430253,36.52672727275227,0.19741386974654926,0.1
2021-05-09,0.2499748715221878,39.11321762864658,0.19741386974654926,16.0
2021-05-10,0.2454487369659864,36.50191258143835,0.19741386974654926,0.0
2021-05-11,0.25016802260906473,36.244384668560826,0.19741386974654926,0.4
2021-05-12,0.2449053367257223,38.3177744587226,0.19741386974654926,0.0
2021-05-13,0.28220737010553854,38.081706667482216,0.19741386974654926,0.0
2021-05-14,0.33703051608735884,39.41620077441696,0.19741386974654926,0.0
2021-05-15,0.25659694235093344,36.3040724556482,0.19741386974654926,0.0
2021-05-16,0.2040359784200123,34.881080928079406,0.19741386974654926,0.0
2021-05-17,0.23312092183370978,36.13041617433984,0.21694242216017254,0.0
2021-05-18,0.33522610336801406,36.03142501364396,0.21694242216017254,4.1
2021-05-19,0.2474392211314636,38.94227725007434,0.21694242216017254,7.8
2021-05-20,0.3066008545299814,39.85714135359182,0.21694242216017254,2.5
2021-05-21,0.32569978485166984,40.487427789786494,0.21694242216017254,0.0
2021-05-22,0.25333434699572116,36.9931671856357,0.21694242216017254,0.0
2021-05-23,0.270914711870201,37.973798694358294,0.21694242216017254,0.0
2021-05-24,0.3132682953705591,37.463108645573925,0.21694242216017254,0.0
2021-05-25,0.25571101767660565,39.766474418128944,0.21694242216017254,0.0
2021-05-26,0.24458799269939901,39.51281563093557,0.21694242216017254,0.0
2021-05-27,0.22801756582161714,39.91929388624993,0.21694242216017254,0.0
2021-05-28,0.2078887841722348,37.73893012070837,0.21694242216017254,0.1
2021-05-29,0.21464192117436018,37.38827158063839,0.21694242216017254,0.0
2021-05-30,0.19655466701562904,39.07694673749755,0.21694242216017254,0.0
2021-05-31,0.23515932149376162,37.54205916347081,0.21694242216017254,0.0
2021-06-01,0.393598733361076,42.95134247214718,0.21694242216017254,0.0
2021-06-02,0.4762621269209989,40.842340602216105,0.19945501448829284,0.0
2021-06-03,0.4384222904591727,37.55537976457421,0.19945501448829284,0.1
2021-06-04,0.49310749526525777,42.355410744679226,0.19945501448829284,1.2
2021-06-05,0.5271057622358897,39.70603544899921,0.19945501448829284,0.0
2021-06-06,0.4383509811807659,40.462836412351976,0.19945501448829284,6.0
2021-06-07,0.4945972742988947,42.39458315489314,0.19945501448829284,0.5
2021-06-08,0.5413475970262336,41.35954431754751,0.19945501448829284,13.5
2021-06-09,0.4700668434536779,39.59058096555689,0.19945501448829284,6.1
2021-06-10,0.5495600865754229,41.53713593721075,0.19945501448829284,33.2
2021-06-11,0.5295336913004385,37.687204243132584,0.19945501448829284,28.2
2021-06-12,0.4841846924385872,38.15407449878177,0.19945501448829284,26.3
2021-06-13,0.49330349001355644,42.07099828936605,0.19945501448829284,9.6
2021-06-14,0.5175324889423272,40.83130773249966,0.19945501448829284,2.7
2021-06-15,0.5079199353821326,39.144315026205554,0.19945501448829284,3.6
2021-06-16,0.5212324403502627,41.34080616729188,0.19945501448829284,4.5
2021-06-17,0.47414615634730095,42.08614371412696,0.19945501448829284,29.9
2021-06-18,0.498171475745453,39.22319816034543,0.1770559643614606,16.3
2021-06-19,0.4499714353319615,43.3032425413562,0.1770559643614606,2.4
2021-06-20,0.48109851845238394,43.62603468064095,0.1770559643614606,2.8
2021-06-21,0.46269278808444747,42.57582009416039,0.1770559643614606,0.2
2021-06-22,0.4630642884346924,39.166004191608465,0.1770559643614606,11.5
2021-06-23,0.5321825476627731,41.959515360930546,0.1770559643614606,16.9
2021-06-24,0.5478506185196312,43.62761151016726,0.1770559643614606,38.1
2021-06-25,0.5356750197876405,40.32328698451682,0.1770559643614606,16.6
2021-06-26,0.47247155917275185,40.12946795439841,0.1770559643614606,0.8
2021-06-27,0.48066717201250747,39.65636634319286,0.1770559643614606,16.7
2021-06-28,0.5366585711030236,40.02507998553444,0.1770559643614606,7.5
2021-06-29,0.5159576633083037,40.621024318081815,0.1770559643614606,3.8
2021-06-30,0.5859638328918504,42.971401305589126,0.1770559643614606,16.2
2021-07-01,0.5395552742463581,43.99668074958848,0.1770559643614606,7.4
2021-07-02,0.5185883013510585,39.22767497493999,0.1770559643614606,7.9
2021-07-03,0.49475741415822994,43.00168778177045,0.1770559643614606,2.9
2021-07-04,0.5031011559148488,43.33378382220119,0.46952766666693196,0.0
2021-07-05,0.49559390250113555,43.31415292836744,0.46952766666693196,6.8
2021-07-06,0.5234619744344413,44.088299165081665,0.46952766666693196,0.6
2021-07-07,0.5405231734181428,39.57259070623978,0.46952766666693196,2.1
2021-07-08,0.48464732090766455,39.89080780433809,0.46952766666693196,48.5
2021-07-09,0.4488010428977771,43.98275794536216,0.46952766666693196,5.7
2021-07-10,0.42037312481071776,44.04050413856378,0.46952766666693196,14.0
2021-07-11,0.49389163388515434,38.60734629152928,0.46952766666693196,9.1
2021-07-12,0.45954965894946065,40.26914620607928,0.46952766666693196,1.3
2021-07-13,0.41251372693150123,43.70305151221745,0.46952766666693196,1.0
2021-07-14,0.4873543692380341,41.94960185081101,0.46952766666693196,3.0
2021-07-15,0.5834612938815579,43.60569155142717,0.46952766666693196,1.2
2021-07-16,0.524825906260571,42.149747803711826,0.46952766666693196,0.3
2021-07-17,0.5367949489839787,43.23667582389543,0.46952766666693196,1.1
2021-07-18,0.5139025122443583,39.68908144491288,0.46952766666693196,3.6
2021-07-19,0.5007096158116174,40.39765473386298,0.46952766666693196,5.5
2021-07-20,0.5323805616480571,40.54518863250984,0.409477789951526,22.8
2021-07-21,0.49955455944781435,42.56567031252536,0.409477789951526,34.2
2021-07-22,0.5092250988268608,43.1096538956505,0.409477789951526,22.5
2021-07-23,0.5140269528649187,42.25931554511143,0.409477789951526,13.0
2021-07-24,0.48082491998196886,40.88849072720719,0.409477789951526,26.0
2021-07-25,0.528968958228369,41.71918651533913,0.409477789951526,15.8
2021-07-26,0.5025670959841714,41.21378443309155,0.409477789951526,2.9
2021-07-27,0.47431904821300186,41.67866154348039,0.409477789951526,17.4
2021-07-28,0.5110735589888646,42.269881581780645,0.409477789951526,21.3
2021-07-29,0.471875688333973,41.933592392495115,0.409477789951526,9.8
2021-07-30,0.4925490470081114,41.24307505173007,0.409477789951526,12.8
2021-07-31,0.49744554921988626,38.75486206075759,0.409477789951526,20.6
2021-08-01,0.5372400095700711,39.501474036448876,0.409477789951526,5.4
2021-08-02,0.5277864410218197,40.61242187410336,0.409477789951526,11.5
2021-08-03,0.5074599887504658,38.150663063053855,0.409477789951526,1.8
2021-08-04,0.5308598170971497,43.1491904713948,0.409477789951526,1.5
2021-08-05,0.5579152093447508,41.5472856132865,0.5078835966529656,3.6
2021-08-06,0.5368979235257404,44.53236971577391,0.5078835966529656,5.2
2021-08-07,0.5114317187522404,42.72444462582746,0.5078835966529656,4.5
2021-08-08,0.45751524749341654,41.41059317655213,0.5078835966529656,1.9
2021-08-09,0.4499755960403869,42.054889520535035,0.5078835966529656,1.0
2021-08-10,0.4743098141597027,43.22996602607601,0.5078835966529656,17.5
2021-08-11,0.4709600171723358,39.685039191302074,0.5078835966529656,0.5
2021-08-12,0.4847440095472101,41.04227297964616,0.5078835966529656,1.5
2021-08-13,0.4974059502355618,40.2592274357485,0.5078835966529656,6.3
2021-08-14,0.517761031473154,40.61490554060379,0.5078835966529656,1.8
2021-08-15,0.502860852209878,40.634345879804386,0.5078835966529656,0.6
2021-08-16,0.5178858131968804,40.697090115839224,0.5078835966529656,3.7
2021-08-17,0.5076223484774184,41.84025816865753,0.5078835966529656,52.3
2021-08-18,0.43314537472083997,43.36212011234539,0.5078835966529656,20.3
2021-08-19,0.44706687363259556,39.17130578652285,0.5078835966529656,34.6
2021-08-20,0.4790769976395221,37.77321450449667,0.5078835966529656,4.6
2021-08-21,0.45138378329241785,38.66850098528698,0.45158815583444734,4.4
2021-08-22,0.5064126405375924,41.23065267080608,0.45158815583444734,7.4
2021-08-23,0.5555000712933071,39.12083100321237,0.45158815583444734,4.8
2021-08-24,0.5593066861973982,36.4630410389989,0.45158815583444734,5.6
2021-08-25,0.5103215053766622,39.98831027548008,0.45158815583444734,3.1
2021-08-26,0.555271866402747,38.256498472622944,0.45158815583444734,1.0
2021-08-27,0.521784920922898,37.94125600926344,0.45158815583444734,0.1
2021-08-28,0.49473746728773804,38.24426920521681,0.45158815583444734,8.8
2021-08-29,0.4769521469623885,36.91354609131609,0.45158815583444734,20.5
2021-08-30,0.482499205061632,37.86628695857425,0.45158815583444734,15.8
2021-08-31,0.4811635728695466,39.569672238319704,0.45158815583444734,6.8
2021-09-01,0.500313639644006,42.17331909333807,0.45158815583444734,6.9
2021-09-02,0.505714181229947,41.39856313809213,0.45158815583444734,4.0
2021-09-03,0.5018208650743536,34.698234278073045,0.45158815583444734,12.9
2021-09-04,0.5158390954634283,37.73606809946916,0.45158815583444734,8.8
2021-09-05,0.5464243482565505,39.32253298762349,0.45158815583444734,7.4
2021-09-06,0.5471616992174114,39.38400124210882,0.35515358449590273,22.7
2021-09-07,0.46217708086947673,36.57478596327312,0.35515358449590273,8.5
2021-09-08,0.3992658845392746,36.029581839368035,0.35515358449590273,7.6
2021-09-09,0.5024809622551569,39.87529557755771,0.35515358449590273,43.2
2021-09-10,0.45290353423200735,39.2454619851863,0.35515358449590273,32.6
2021-09-11,0.4780042712033582,35.387114202352336,0.35515358449590273,12.0
2021-09-12,0.45244732544892985,37.54352909863317,0.35515358449590273,18.7
2021-09-13,0.42266488231937827,36.95607267180233,0.35515358449590273,17.9
2021-09-14,0.4957506601829811,36.14926656424517,0.35515358449590273,24.4
2021-09-15,0.525295628665487,37.73731443954024,0.35515358449590273,69.8
2021-09-16,0.48741082457421087,36.77212005176789,0.35515358449590273,14.7
2021-09-17,0.40553676714719145,33.55725674150056,0.35515358449590273,3.0
2021-09-18,0.4525424744553205,32.66682604258746,0.35515358449590273,1.3
2021-09-19,0.49947588252568526,37.47098879217495,0.35515358449590273,1.0
2021-09-20,0.4480808598506111,34.189845926788074,0.35515358449590273,15.6
2021-09-21,0.49084185514745376,36.42662955986834,0.35515358449590273,4.0
2021-09-22,0.4967167118231813,35.535828458580355,0.40675245231957774,1.6
2021-09-23,0.5192902160329924,39.45978808769023,0.40675245231957774,3.1
2021-09-24,0.5099723777043931,33.99701899447622,0.40675245231957774,3.7
2021-09-25,0.46893430038046346,35.624590271493595,0.40675245231957774,2.5
2021-09-26,0.5325602926723962,35.83159136518917,0.40675245231957774,8.2
2021-09-27,0.5042195527457749,33.949589663279596,0.40675245231957774,3.7
2021-09-28,0.5003102069408849,34.42223453123202,0.40675245231957774,4.5
2021-09-29,0.46742868351470357,33.05623324358073,0.40675245231957774,1.5
2021-09-30,0.47471372626270814,33.04224885676872,0.40675245231957774,3.3
2021-10-01,0.2864460228878709,33.31887225230234,0.40675245231957774,0.3
2021-10-02,0.25488069476904146,34.33213615598594,0.40675245231957774,0.0
2021-10-03,0.3113740052356944,35.12978181870161,0.40675245231957774,4.4
2021-10-04,0.22039566156811086,30.48716553929002,0.40675245231957774,0.0
2021-10-05,0.18464404954474728,34.609760241468166,0.40675245231957774,4.2
2021-10-06,0.28188417632570045,33.60048452664722,0.40675245231957774,5.8
2021-10-07,0.2522389241973948,34.29821180815242,0.40675245231957774,1.7
2021-10-08,0.22725413140612133,30.444435171419723,0.44714012518445984,0.2
2021-10-09,0.2795729034806991,29.97119329536423,0.44714012518445984,0.0
2021-10-10,0.2376753271534195,31.702450459523522,0.44714012518445984,0.0
2021-10-11,0.3102129381201686,30.18609201886889,0.44714012518445984,0.0
2021-10-12,0.291791286932925,30.91512481715669,0.44714012518445984,0.0
2021-10-13,0.2454604867947779,31.144273269836535,0.44714012518445984,0.0
2021-10-14,0.32414393350272597,34.474030970335654,0.44714012518445984,0.0
2021-10-15,0.2510431577457009,32.832162381438735,0.44714012518445984,0.3
2021-10-16,0.276286285344036,31.617864933982414,0.44714012518445984,2.7
2021-10-17,0.268361125917438,27.544981849855127,0.44714012518445984,13.6
2021-10-18,0.30106928290418933,34.19788195864359,0.44714012518445984,12.9
2021-10-19,0.31997367675669663,26.383666343154626,0.44714012518445984,0.3
2021-10-20,0.2721122482443108,29.20165999849685,0.44714012518445984,0.0
2021-10-21,0.2302640490111768,31.39226971913022,0.44714012518445984,0.0
2021-10-22,0.2601782397062221,34.58818760421525,0.44714012518445984,0.0
2021-10-23,0.2293334339705429,30.94549728093544,0.44714012518445984,0.0
2021-10-24,0.31426858385459466,28.72615534847722,0.5115508926988569,0.0
2021-10-25,0.2740593117442742,27.36399905591471,0.5115508926988569,0.0
2021-10-26,0.24443153922735844,32.67344613217163,0.5115508926988569,0.0
2021-10-27,0.2547932724734793,28.110660544894934,0.5115508926988569,0.0
2021-10-28,0.2042885616085044,32.65183341632946,0.5115508926988569,0.0
2021-10-29,0.20228007713467852,30.20527895665329,0.5115508926988569,0.0
2021-10-30,0.27769850991845846,29.008082806725664,0.5115508926988569,0.0
2021-10-31,0.23531825321153865,29.684154700574886,0.5115508926988569,0.0
2021-11-01,0.2089535915695937,30.57402806211842,0.5115508926988569,0.0
2021-11-02,0.2564689238093331,29.415111666453676,0.5115508926988569,0.0
2021-11-03,0.29344032255600483,24.301876533591344,0.5115508926988569,0.0
2021-11-04,0.2881954626400788,29.947952390737793,0.5115508926988569,0.1
2021-11-05,0.2963203077952272,22.938955638846622,0.5115508926988569,0.0
2021-11-06,0.23740826423863703,27.781516136583566,0.5115508926988569,0.0
2021-11-07,0.19645910593562654,25.437091697974637,0.5115508926988569,0.0
2021-11-08,0.28648440959912996,25.847782892943545,0.5115508926988569,0.0
2021-11-09,0.24965152852026423,25.59996646671072,0.4233224250940699,0.0
2021-11-10,0.24111630298015257,25.88187381433697,0.4233224250940699,0.0
2021-11-11,0.2938216858587628,27.020736484067044,0.4233224250940699,0.0
2021-11-12,0.2826145560866519,25.423720927451892,0.4233224250940699,0.7
2021-11-13,0.27574043884885185,27.38905018680007,0.4233224250940699,3.9
2021-11-14,0.33349721372619345,25.28572718107728,0.4233224250940699,2.2
2021-11-15,0.25252602605455304,20.44721565118733,0.4233224250940699,1.9
2021-11-16,0.2832322122992092,22.937657216908597,0.4233224250940699,0.0
2021-11-17,0.2619651230611607,24.174645788860047,0.4233224250940699,0.0
2021-11-18,0.2629902666785622,24.270512894152617,0.4233224250940699,0.0
2021-11-19,0.3073934749280072,23.669557307600527,0.4233224250940699,0.0
2021-11-20,0.284992293948539,24.254973994156,0.4233224250940699,0.0
2021-11-21,0.2793380509512988,26.116458263525786,0.4233224250940699,13.0
2021-11-22,0.2963391720912327,25.05409671857884,0.4233224250940699,0.7
2021-11-23,0.2511284060933688,27.382606251637377,0.4233224250940699,0.0
2021-11-24,0.22096618347114538,24.296615308416758,0.4233224250940699,0.0
2021-11-25,0.20472153325060743,22.522948555160944,0.43320128287833176,0.0
2021-11-26,0.16759397934702217,24.78505854884685,0.43320128287833176,0.0
2021-11-27,0.2972454433520179,24.547814048568984,0.43320128287833176,0.0
2021-11-28,0.22556134020534646,26.29165590212591,0.43320128287833176,0.0
2021-11-29,0.2349245252361019,23.454892057720233,0.43320128287833176,0.0
2021-11-30,0.23578889207471834,26.487162348360865,0.43320128287833176,0.0
2021-12-01,0.256495902045734,21.420801124057473,0.43320128287833176,0.0
2021-12-02,0.2804995730525956,23.269934437472124,0.43320128287833176,0.0
2021-12-03,0.28926644400836976,24.16082614051122,0.43320128287833176,0.0
2021-12-04,0.24137222285259807,28.695025549239414,0.43320128287833176,0.0
2021-12-05,0.24156240687325498,25.356708793215155,0.43320128287833176,0.0
2021-12-06,0.257359020329067,20.751710903124415,0.43320128287833176,0.0
2021-12-07,0.24350351668229592,24.82013437440026,0.43320128287833176,0.0
2021-12-08,0.3043081501653885,26.73927896375733,0.43320128287833176,0.0
2021-12-09,0.28347656835695534,22.333321356383735,0.43320128287833176,0.0
2021-12-10,0.2857636930188302,24.002219809358788,0.43320128287833176,0.0
2021-12-11,0.28392995230900847,27.756382791871275,0.17221380962146915,0.0
2021-12-12,0.3012505707046889,26.875119622936964,0.17221380962146915,0.0
2021-12-13,0.2717109257660364,21.723037581803183,0.17221380962146915,0.0
2021-12-14,0.21112415955135627,21.7595176989709,0.17221380962146915,0.0
2021-12-15,0.2523263261767493,25.96394562500403,0.17221380962146915,0.0
2021-12-16,0.22790040657031074,25.25436542479475,0.17221380962146915,0.0
2021-12-17,0.22486853810985175,20.40838950180663,0.17221380962146915,0.0
2021-12-18,0.26298330208938375,24.05157593509448,0.17221380962146915,0.0
2021-12-19,0.29723489812699233,25.915906393840924,0.17221380962146915,0.0
2021-12-20,0.2649149746238598,27.961791989491996,0.17221380962146915,0.0
2021-12-21,0.26528364782812164,20.72657185447154,0.17221380962146915,0.0
2021-12-22,0.3141626174106698,21.17560755668456,0.17221380962146915,0.0
2021-12-23,0.27767514650530084,25.93880532783001,0.17221380962146915,0.0
2021-12-24,0.34936145294790405,20.32356693249654,0.17221380962146915,0.0
2021-12-25,0.29960127348147525,22.191137405367087,0.17221380962146915,0.0
2021-12-26,0.20325368547398892,22.054013093600425,0.17221380962146915,0.0
2021-12-27,0.2623430623808553,20.916598353867574,0.3109319376132671,0.0
2021-12-28,0.26704346218515385,20.731534321240776,0.3109319376132671,25.9
2021-12-29,0.30025438504844226,20.311379909673743,0.3109319376132671,7.2
2021-12-30,0.2886376628089812,21.619222283659948,0.3109319376132671,0.0
2021-12-31,0.2567453394032623,21.193381592698568,0.3109319376132671,0.0
2022-01-01,0.20917316355085086,20.678584829428914,0.3109319376132671,0.0
2022-01-02,0.23043613506024435,18.99211176569538,0.3109319376132671,0.0
2022-01-03,0.2143626246207478,25.525940289479436,0.3109319376132671,0.0
2022-01-04,0.21899046664305902,23.15492912196,0.3109319376132671,0.0
2022-01-05,0.26129738414763903,22.679599027581045,0.3109319376132671,0.0
2022-01-06,0.31183587289659087,23.956950722084635,0.3109319376132671,0.0
2022-01-07,0.2823642654127816,20.11052125218099,0.3109319376132671,0.0
2022-01-08,0.217853372452603,22.10001619090987,0.3109319376132671,0.0
2022-01-09,0.2559171051234858,25.07974315941193,0.3109319376132671,3.8
2022-01-10,0.29365723356964357,24.947820080712624,0.3109319376132671,1.2
2022-01-11,0.24175476841971466,21.574551209511924,0.3109319376132671,2.5
2022-01-12,0.24283582969236225,23.79242397781432,0.13711786267794254,0.7
2022-01-13,0.24836483572323054,21.95369833842375,0.13711786267794254,0.0
2022-01-14,0.22203800975909074,23.183851348183637,0.13711786267794254,3.9
2022-01-15,0.26430121811226226,22.423629246888964,0.13711786267794254,0.0
2022-01-16,0.2500571802324063,18.0,0.13711786267794254,0.0
2022-01-17,0.26470078960646787,25.529223252795784,0.13711786267794254,0.0
2022-01-18,0.22334801065886684,23.48094581271175,0.13711786267794254,0.0
2022-01-19,0.22669336268634066,20.76074693585139,0.13711786267794254,0.0
2022-01-20,0.2682913563298742,21.722940140927843,0.13711786267794254,0.0
2022-01-21,0.24243824657575042,22.100941386541596,0.13711786267794254,0.0
2022-01-22,0.30817520876589427,24.117286024295243,0.13711786267794254,0.0
2022-01-23,0.2534652961332572,24.731411885908145,0.13711786267794254,1.5
2022-01-24,0.25890355424129313,24.639969075504933,0.13711786267794254,0.0
2022-01-25,0.28531174538794607,24.090247441080518,0.13711786267794254,0.0
2022-01-26,0.2109507229637277,20.267830715878514,0.13711786267794254,0.0
2022-01-27,0.17665690846979112,24.010097235621416,0.13711786267794254,0.0
2022-01-28,0.17459910153098399,23.488158374479113,0.26105089178022534,0.0
2022-01-29,0.27157017407924655,22.399397742310416,0.26105089178022534,0.0
2022-01-30,0.2371560171175383,22.48673881116095,0.26105089178022534,0.0
2022-01-31,0.3356837801336503,24.598655203630432,0.26105089178022534,0.0
2022-02-01,0.2559564680870865,24.40394214432161,0.26105089178022534,0.0
2022-02-02,0.2582462360380222,22.901868128205827,0.26105089178022534,0.0
2022-02-03,0.3064477191512823,19.118286196424968,0.26105089178022534,0.9
2022-02-04,0.337147566830954,19.576236237408803,0.26105089178022534,0.0
2022-02-05,0.3482968952315601,20.133542334318893,0.26105089178022534,0.0
2022-02-06,0.32178188664022805,23.09734197669395,0.26105089178022534,0.0
2022-02-07,0.3073767543954696,24.13136364728583,0.26105089178022534,0.0
2022-02-08,0.2879514695406823,24.799946778214355,0.26105089178022534,0.0
2022-02-09,0.288628078528037,26.38502524581735,0.26105089178022534,2.4
2022-02-10,0.24229692348691245,24.464294055876017,0.26105089178022534,0.0
2022-02-11,0.21905211612629294,20.46857009946415,0.26105089178022534,0.0
2022-02-12,0.24059752882850455,26.586318717258095,0.26105089178022534,0.0
2022-02-13,0.2412227968601789,28.159781373049448,0.24724141754104711,0.0
2022-02-14,0.23150385733159903,26.1312176050227,0.24724141754104711,0.0
2022-02-15,0.26882471786046475,25.39487830421978,0.24724141754104711,0.0
2022-02-16,0.2890830976581073,27.459270331569563,0.24724141754104711,0.0
2022-02-17,0.26481917031764685,23.178077441841438,0.24724141754104711,0.0
2022-02-18,0.3061593039322282,26.31793140288743,0.24724141754104711,0.0
2022-02-19,0.22688867218499575,25.010705030738354,0.24724141754104711,0.3
2022-02-20,0.2362885205807086,24.26351716493955,0.24724141754104711,0.1
2022-02-21,0.2207977749531144,19.53251474200542,0.24724141754104711,0.0
2022-02-22,0.1759105508883772,22.373246391543503,0.24724141754104711,0.0
2022-02-23,0.22487934126201867,25.901244490792294,0.24724141754104711,0.0
2022-02-24,0.23820263958519067,26.882781295214734,0.24724141754104711,0.6
2022-02-25,0.2994315328890318,24.713174103614257,0.24724141754104711,0.0
2022-02-26,0.28690786882612673,26.552375431333477,0.24724141754104711,0.4
2022-02-27,0.22522582179631584,24.80625708424561,0.24724141754104711,0.0
2022-02-28,0.3074609863605914,25.130805342497244,0.24724141754104711,0.0
2022-03-01,0.30997447525156474,24.284888210323373,0.2640592248888676,0.0
2022-03-02,0.28836576219687093,25.6428735311224,0.2640592248888676,0.0
2022-03-03,0.25358278519931715,27.1336627284215,0.2640592248888676,0.0
2022-03-04,0.21749446227447333,27.495205001929268,0.2640592248888676,0.0
2022-03-05,0.22722110151985514,27.35394703444596,0.2640592248888676,0.0
2022-03-06,0.28127253214560305,25.382599565190553,0.2640592248888676,0.0
2022-03-07,0.32534228035139223,25.59333596429844,0.2640592248888676,0.0
2022-03-08,0.32661620759494425,26.544507464141187,0.2640592248888676,0.0
2022-03-09,0.25587513251596367,25.421844511728064,0.2640592248888676,0.0
2022-03-10,0.2125759295896737,25.815572552691822,0.2640592248888676,0.0
2022-03-11,0.24370379751879423,27.587219809374364,0.2640592248888676,0.0
2022-03-12,0.18621576146093843,26.171224225157747,0.2640592248888676,0.0
2022-03-13,0.24217559843474884,27.053200400716932,0.2640592248888676,0.0
2022-03-14,0.24248658900997125,25.655222242537892,0.2640592248888676,0.0
2022-03-15,0.2314346991376029,28.677810262031887,0.2640592248888676,0.0
2022-03-16,0.18861580238694303,28.28339176452974,0.2640592248888676,0.0
2022-03-17,0.24956074444602297,28.811172667237447,0.27993228404955334,0.0
2022-03-18,0.23122369394563996,27.03570030896146,0.27993228404955334,0.0
2022-03-19,0.2034200189338319,30.64884628700408,0.27993228404955334,0.0
2022-03-20,0.13549682821529185,29.106009175967824,0.27993228404955334,0.4
2022-03-21,0.2146860267878153,29.257563024583757,0.27993228404955334,0.0
2022-03-22,0.3014346139197856,30.35652577445988,0.27993228404955334,0.0
2022-03-23,0.3235744566851111,33.23078978324714,0.27993228404955334,0.0
2022-03-24,0.2560739680250138,25.172628458018515,0.27993228404955334,0.0
2022-03-25,0.2307447682948418,29.776526645395627,0.27993228404955334,0.0
2022-03-26,0.2606305294510784,28.705489312409266,0.27993228404955334,0.0
2022-03-27,0.21824566846373328,27.86648389805019,0.27993228404955334,0.0
2022-03-28,0.2510364170328013,26.53531068077566,0.27993228404955334,0.0
2022-03-29,0.27712373485330455,34.245219258565946,0.27993228404955334,0.0
2022-03-30,0.3010797832919421,30.23125191495042,0.27993228404955334,0.0
2022-03-31,0.2618185423107843,33.148919468710716,0.27993228404955334,0.0
2022-04-01,0.24641698143704144,32.13890127749407,0.27993228404955334,0.0
2022-04-02,0.21819570389463278,28.750461012651236,0.30135871809098236,0.0
2022-04-03,0.21151789877699473,31.364086425326768,0.30135871809098236,0.0
2022-04-04,0.23052860841654496,31.88878570423596,0.30135871809098236,0.0
2022-04-05,0.2570163752635297,32.013898957162176,0.30135871809098236,0.0
2022-04-06,0.2840803744972226,32.837136116670145,0.30135871809098236,0.0
2022-04-07,0.23211284907535468,28.682894328118188,0.30135871809098236,0.0
2022-04-08,0.29687795463618966,33.823303292649335,0.30135871809098236,0.0
2022-04-09,0.25457406035436697,33.151981653307814,0.30135871809098236,0.0
2022-04-10,0.2506243628041148,31.73804896143329,0.30135871809098236,0.0
2022-04-11,0.22403490007106058,34.88994529112665,0.30135871809098236,0.0
2022-04-12,0.1573620609117652,33.965834382550575,0.30135871809098236,0.0
2022-04-13,0.25315020714616626,32.736256254994345,0.30135871809098236,0.0
2022-04-14,0.276734598542085,35.16577610675289,0.30135871809098236,0.0
2022-04-15,0.24817391506348802,33.13039981261913,0.30135871809098236,0.0
2022-04-16,0.2517968496219169,35.05514451175063,0.30135871809098236,0.0
2022-04-17,0.26859692750621855,35.04582461578786,0.30135871809098236,0.0
2022-04-18,0.20088997326083657,29.866080855152685,0.2503470985678755,0.0
2022-04-19,0.21675014827113065,37.25393859133866,0.2503470985678755,0.0
2022-04-20,0.26782430826810316,35.64242004676696,0.2503470985678755,0.0
2022-04-21,0.2114471626695072,35.48088779197507,0.2503470985678755,0.0
2022-04-22,0.24870867642668418,33.214273051524195,0.2503470985678755,0.0
2022-04-23,0.20213223976618608,36.328065491360405,0.2503470985678755,0.0
2022-04-24,0.2519647213150292,29.991419297934907,0.2503470985678755,0.0
2022-04-25,0.24934196451409685,34.29238622336804,0.2503470985678755,0.0
2022-04-26,0.19327297579753622,34.394407488105514,0.2503470985678755,0.0
2022-04-27,0.27374777014526186,36.56028248454639,0.2503470985678755,0.0
2022-04-28,0.23141362585564682,32.670003797727645,0.2503470985678755,0.0
2022-04-29,0.21606525246119068,35.34283830868266,0.2503470985678755,0.0
2022-04-30,0.2468394976414402,35.38019523478806,0.2503470985678755,0.0
2022-05-01,0.2892541565224371,34.85417099158989,0.2503470985678755,0.0
2022-05-02,0.22622248329248723,34.00624945395885,0.2503470985678755,0.0
2022-05-03,0.2450255397324252,36.28356947928591,0.2503470985678755,0.0
2022-05-04,0.2635162394312976,33.852175972735445,0.16233451351630224,0.0
2022-05-05,0.2783135680835993,35.63158554799903,0.16233451351630224,0.0
2022-05-06,0.2646695248597826,32.52061574878413,0.16233451351630224,0.0
2022-05-07,0.2415548830900185,34.17114369279553,0.16233451351630224,0.0
2022-05-08,0.21850080720430037,35.242461262910844,0.16233451351630224,0.0
2022-05-09,0.24356527806791323,38.27673662820182,0.16233451351630224,0.0
2022-05-10,0.2105447180008777,35.44254482043288,0.16233451351630224,0.0
2022-05-11,0.13591614847795203,35.12419417125083,0.16233451351630224,0.0
2022-05-12,0.231054437688904,36.52060915934374,0.16233451351630224,0.0
2022-05-13,0.27595405074468804,39.171762229081104,0.16233451351630224,0.0
2022-05-14,0.17508357997944207,40.91250303581884,0.16233451351630224,0.0
2022-05-15,0.1921844993289848,38.181335591924224,0.16233451351630224,0.0
2022-05-16,0.2543257489338774,35.1526400210894,0.16233451351630224,0.0
2022-05-17,0.3233100661200726,35.15104123366547,0.16233451351630224,0.0
2022-05-18,0.27272079960466106,37.559400455964266,0.16233451351630224,0.0
2022-05-19,0.23133613693837862,34.29227560431505,0.16233451351630224,0.0
2022-05-20,0.2379994656428442,38.75347775090498,0.32746151882469166,0.0
2022-05-21,0.2945205143630397,39.70351193047291,0.32746151882469166,0.0
2022-05-22,0.24074740803955316,34.780437787150596,0.32746151882469166,0.0
2022-05-23,0.21925250217910708,37.844466936487215,0.32746151882469166,0.0
2022-05-24,0.22387972737736098,38.76851814738826,0.32746151882469166,7.2
2022-05-25,0.20879741692415332,40.743372611069766,0.32746151882469166,0.0
2022-05-26,0.2419326861370638,40.2377193042507,0.32746151882469166,0.1
2022-05-27,0.3044435518875538,37.25882178742647,0.32746151882469166,0.0
2022-05-28,0.27764084012532714,42.54601983174989,0.32746151882469166,0.0
2022-05-29,0.2494598794631781,37.46203377433553,0.32746151882469166,0.0
2022-05-30,0.2396245694269094,40.280769707181996,0.32746151882469166,0.5
2022-05-31,0.19217569252368982,39.80661593582293,0.32746151882469166,0.0
2022-06-01,0.43856154995725755,40.952143625865205,0.32746151882469166,0.0
2022-06-02,0.47884416309172917,40.53118102573798,0.32746151882469166,0.0
2022-06-03,0.4873364519518468,42.87257816115853,0.32746151882469166,0.0
2022-06-04,0.6079597004601242,39.17310301644657,0.32746151882469166,0.0
2022-06-05,0.5428442619308362,38.07129594079325,0.2177311590541593,0.0
2022-06-06,0.4865405918259194,43.887433943508675,0.2177311590541593,0.0
2022-06-07,0.48103966168058176,41.75329041705363,0.2177311590541593,0.0
2022-06-08,0.5345074983260609,38.13047118864037,0.2177311590541593,0.0
2022-06-09,0.51431671386664,36.60746525723445,0.2177311590541593,0.0
2022-06-10,0.45395528491888415,42.332010192323025,0.2177311590541593,0.0
2022-06-11,0.5183595981857972,39.56281593064291,0.2177311590541593,1.0
2022-06-12,0.48212283646187437,45.0,0.2177311590541593,0.8
2022-06-13,0.5602022731061764,42.23417417416564,0.2177311590541593,0.2
2022-06-14,0.5558623642318656,41.49582418784811,0.2177311590541593,0.2
2022-06-15,0.5011024429215034,43.09992969220652,0.2177311590541593,5.1
2022-06-16,0.5451663055371799,44.53973016577755,0.2177311590541593,3.5
2022-06-17,0.515924834529613,38.742816064075136,0.2177311590541593,7.7
2022-06-18,0.5346245289881616,39.13358564995187,0.2177311590541593,21.3
2022-06-19,0.527353007301755,40.26123950593796,0.2177311590541593,29.0
2022-06-20,0.4785834192658459,42.73203515627951,0.2177311590541593,18.6
2022-06-21,0.47105078164864256,39.08049193691601,0.29396690807525316,3.0
2022-06-22,0.5273638631099333,41.5813038902538,0.29396690807525316,8.6
2022-06-23,0.49649202230925105,37.670814329069685,0.29396690807525316,19.1
2022-06-24,0.4848199104793054,42.04196188155614,0.29396690807525316,1.3
2022-06-25,0.4620166828665643,42.448837811026664,0.29396690807525316,2.6
2022-06-26,0.5034309721557404,40.02036553305038,0.29396690807525316,22.2
2022-06-27,0.5732176638202322,41.687465636982935,0.29396690807525316,1.2
2022-06-28,0.48460164714717,43.21081474136604,0.29396690807525316,3.5
2022-06-29,0.4962281751276975,39.98198582368768,0.29396690807525316,13.2
2022-06-30,0.5482961719778492,43.012481293656165,0.29396690807525316,21.5
2022-07-01,0.5117014028997546,44.72844819931016,0.29396690807525316,12.9
2022-07-02,0.5193434337386671,44.66967490719688,0.29396690807525316,12.3
2022-07-03,0.4686192566364593,39.725885012060104,0.29396690807525316,23.9
2022-07-04,0.5055765253932054,42.059085977040446,0.29396690807525316,40.3
2022-07-05,0.4951229083428024,41.10396484198583,0.29396690807525316,20.1
2022-07-06,0.5330374223516359,41.8024230430985,0.29396690807525316,39.1
2022-07-07,0.551469738510257,43.84006933830033,0.4340809065130249,24.3
2022-07-08,0.6060756490237287,35.64302994482388,0.4340809065130249,9.1
2022-07-09,0.5521098557695938,40.442846598222275,0.4340809065130249,35.7
2022-07-10,0.5270358278112539,40.843284415694406,0.4340809065130249,18.6
2022-07-11,0.5149141988985828,43.447515420371296,0.4340809065130249,24.5
2022-07-12,0.4921134394212007,45.0,0.4340809065130249,37.6
2022-07-13,0.5094809663475194,43.07861726330084,0.4340809065130249,12.4
2022-07-14,0.49250524054938977,44.21593152451303,0.4340809065130249,23.0
2022-07-15,0.5036477063342534,43.16030438495836,0.4340809065130249,12.7
2022-07-16,0.5472102256465545,44.3631179133359,0.4340809065130249,21.5
2022-07-17,0.47893407790917886,41.816161697698135,0.4340809065130249,52.9
2022-07-18,0.5335759730122702,42.4857226845023,0.4340809065130249,10.5
2022-07-19,0.5561718192605762,45.0,0.4340809065130249,5.6
2022-07-20,0.5127191473334851,44.62280659803078,0.4340809065130249,13.6
2022-07-21,0.42955082273474465,45.0,0.4340809065130249,23.8
2022-07-22,0.45759147727211824,41.39921719158147,0.4340809065130249,12.2
2022-07-23,0.5326722523112742,40.564363865159876,0.48636789533546254,27.2
2022-07-24,0.5090012935129213,42.331246293484675,0.48636789533546254,25.2
2022-07-25,0.4677248099235545,38.538727025151054,0.48636789533546254,15.6
2022-07-26,0.4726503207340787,37.27337903598898,0.48636789533546254,10.2
2022-07-27,0.5212167971478829,42.632029185132154,0.48636789533546254,9.1
2022-07-28,0.5255007140314131,43.092926560268175,0.48636789533546254,12.6
2022-07-29,0.4992875907384846,41.044356447926894,0.48636789533546254,5.9
2022-07-30,0.48694742280803127,37.93858052552297,0.48636789533546254,3.8
2022-07-31,0.4823726916258756,44.95387539026636,0.48636789533546254,5.9
2022-08-01,0.462427451030315,38.93283313547922,0.48636789533546254,4.2
2022-08-02,0.545266384440525,43.3982513831132,0.48636789533546254,2.7
2022-08-03,0.5022986989097606,41.342251628776374,0.48636789533546254,13.1
2022-08-04,0.5432901579018206,40.90279560136459,0.48636789533546254,1.9
2022-08-05,0.566233109187832,43.69626808304961,0.48636789533546254,5.5
2022-08-06,0.5548108141915282,41.530865697390006,0.48636789533546254,31.7
2022-08-07,0.5013365333123267,44.76906950131481,0.48636789533546254,13.4
2022-08-08,0.5145315131554793,36.44005470846139,0.44672091616104526,6.8
2022-08-09,0.5035126077229617,40.55787256037715,0.44672091616104526,61.6
2022-08-10,0.469424217191334,41.233826837731456,0.44672091616104526,51.6
2022-08-11,0.5021798400176563,40.500915485913225,0.44672091616104526,26.6
2022-08-12,0.45938755931470376,43.610136471290865,0.44672091616104526,10.9
2022-08-13,0.5293850463905658,42.69214249094155,0.44672091616104526,34.9
2022-08-14,0.492553908511726,40.66184094839309,0.44672091616104526,33.0
2022-08-15,0.5048067605090671,38.00534026826934,0.44672091616104526,47.0
2022-08-16,0.5113571036568352,41.350533023663886,0.44672091616104526,3.9
2022-08-17,0.49434545701740784,39.961132515409,0.44672091616104526,1.2
2022-08-18,0.5188379201568569,37.3391116694985,0.44672091616104526,1.0
2022-08-19,0.48902974806526867,37.19697106149739,0.44672091616104526,3.2
2022-08-20,0.5272043298305841,41.32818629486065,0.44672091616104526,35.2
2022-08-21,0.461052010140539,37.82761638155712,0.44672091616104526,48.2
2022-08-22,0.4927388883262861,41.706102562737264,0.44672091616104526,17.1
2022-08-23,0.5656841814649258,39.91640542931804,0.44672091616104526,1.1
2022-08-24,0.4846936580782826,37.841730214243285,0.4274473852794939,0.4
2022-08-25,0.47168702345511493,38.31460255248704,0.4274473852794939,1.8
2022-08-26,0.5094928817745964,41.9042359440013,0.4274473852794939,0.6
2022-08-27,0.5091332269002649,33.65646543971843,0.4274473852794939,6.3
2022-08-28,0.515012021544654,39.09333832389992,0.4274473852794939,6.1
2022-08-29,0.5216251560185644,39.08093334878024,0.4274473852794939,8.9
2022-08-30,0.5287027982052313,42.19280790467606,0.4274473852794939,9.3
2022-08-31,0.5474503339300372,36.33144123958867,0.4274473852794939,8.1
2022-09-01,0.528578753171509,39.15731783494225,0.4274473852794939,10.2
2022-09-02,0.5001296080398037,39.26194396106153,0.4274473852794939,1.1
2022-09-03,0.5235789619540367,36.00962906052397,0.4274473852794939,3.7
2022-09-04,0.5735695563075436,35.6223439130445,0.4274473852794939,8.3
2022-09-05,0.517428685768873,36.75357686546851,0.4274473852794939,9.1
2022-09-06,0.4711200800671894,39.260901346333966,0.4274473852794939,11.3
2022-09-07,0.5300838474452009,37.54114725915041,0.4274473852794939,26.0
2022-09-08,0.5048118134951843,36.747511874316615,0.4274473852794939,10.1
2022-09-09,0.425400109938064,37.74763208773232,0.4926765154148125,0.9
2022-09-10,0.5072797916816839,38.3102029065875,0.4926765154148125,2.7
2022-09-11,0.48344745099611786,39.11177509331958,0.4926765154148125,18.1
2022-09-12,0.49186557041818973,35.39869642125766,0.4926765154148125,29.2
2022-09-13,0.5091789826953724,36.139192849528555,0.4926765154148125,39.2
2022-09-14,0.5094211836008791,37.47917681332991,0.4926765154148125,29.5
2022-09-15,0.5276571686801301,39.0540169423189,0.4926765154148125,13.6
2022-09-16,0.49305512763409454,38.838033528488886,0.4926765154148125,14.5
2022-09-17,0.5158752412263913,41.26821272944786,0.4926765154148125,4.0
2022-09-18,0.4956784386524803,33.44672328745593,0.4926765154148125,0.1
2022-09-19,0.5245618984268067,37.020075581309115,0.4926765154148125,0.7
2022-09-20,0.5289064314684988,31.763327140169203,0.4926765154148125,16.2
2022-09-21,0.4759315748689888,34.750492446042756,0.4926765154148125,11.4
2022-09-22,0.5307888465268228,36.52184690542221,0.4926765154148125,10.6
2022-09-23,0.4904779333790551,36.45124757411811,0.4926765154148125,6.1
2022-09-24,0.5254254029535566,33.04759473049042,0.4926765154148125,7.6
2022-09-25,0.5204826768551138,33.682515826813436,0.32321588702672965,2.2
2022-09-26,0.5704812317443634,33.94734590450596,0.32321588702672965,2.5
2022-09-27,0.5133230601402942,35.03332011826848,0.32321588702672965,9.9
2022-09-28,0.4917708301779513,31.54859043951612,0.32321588702672965,6.1
2022-09-29,0.49685156284731474,36.34725121012133,0.32321588702672965,0.1
2022-09-30,0.48844417645499477,30.633682867694446,0.32321588702672965,0.1
2022-10-01,0.3495312195044702,32.340535057664255,0.32321588702672965,0.0
2022-10-02,0.22328849455606048,34.20033559123292,0.32321588702672965,0.0
2022-10-03,0.20510766369669575,33.405091725607335,0.32321588702672965,0.0
2022-10-04,0.19915919685373698,30.30304515204065,0.32321588702672965,21.1
2022-10-05,0.2680085247751962,34.51842824108711,0.32321588702672965,15.3
2022-10-06,0.3152740254729262,36.55651966422525,0.32321588702672965,9.0
2022-10-07,0.26592648499306637,38.627490488815724,0.32321588702672965,7.5
2022-10-08,0.2488691851862695,30.947892416971477,0.32321588702672965,4.4
2022-10-09,0.2521125812648422,32.53051733811198,0.32321588702672965,0.4
2022-10-10,0.2912995149707393,33.91419160131602,0.32321588702672965,4.5
2022-10-11,0.2299324947945517,28.9987361301204,0.43062582470458766,22.6
2022-10-12,0.25232266283408294,31.44726093433423,0.43062582470458766,22.7
2022-10-13,0.2848287158926099,34.94414847598281,0.43062582470458766,9.0
2022-10-14,0.27798691071567755,29.582922328277757,0.43062582470458766,0.7
2022-10-15,0.26503142979565925,28.78936179216124,0.43062582470458766,0.0
2022-10-16,0.28954604217854774,31.837152647193125,0.43062582470458766,1.2
2022-10-17,0.16725068239859098,30.50371486438292,0.43062582470458766,10.0
2022-10-18,0.24890084090315903,28.719412512170415,0.43062582470458766,10.7
2022-10-19,0.22677760336148783,30.535088513547244,0.43062582470458766,0.1
2022-10-20,0.17896112961847035,29.447684233356085,0.43062582470458766,0.0
2022-10-21,0.2465804298689154,25.883122560839315,0.43062582470458766,0.0
2022-10-22,0.2970521780413781,27.19081903632379,0.43062582470458766,0.0
2022-10-23,0.25930495540044424,27.896744620445414,0.43062582470458766,0.0
2022-10-24,0.28614209577223615,31.34446365436916,0.43062582470458766,0.0
2022-10-25,0.31727236776127343,28.547870850971407,0.43062582470458766,0.0
2022-10-26,0.31620371620382365,31.131462535418155,0.43062582470458766,0.0
2022-10-27,0.32725987338914586,28.862779707876676,0.4489462508048864,0.0
2022-10-28,0.29915242420425997,27.553019490061224,0.4489462508048864,0.0
2022-10-29,0.26738590462283374,28.729882593307465,0.4489462508048864,0.0
2022-10-30,0.1991469679704492,30.26314641464368,0.4489462508048864,0.0
2022-10-31,0.22613190330658656,27.800410087706286,0.4489462508048864,0.0
2022-11-01,0.21332594015590925,28.121367071293115,0.4489462508048864,0.0
2022-11-02,0.3149807771591962,26.129788413908237,0.4489462508048864,0.0
2022-11-03,0.26333822971262705,26.59923424805282,0.4489462508048864,0.0
2022-11-04,0.2583136371512451,25.505284828362754,0.4489462508048864,0.0
2022-11-05,0.2717960793067899,29.4593317397942,0.4489462508048864,0.0
2022-11-06,0.2580649094150728,28.036469521469098,0.4489462508048864,0.0
2022-11-07,0.3117462592395982,27.179618949364013,0.4489462508048864,0.0
2022-11-08,0.24673115011117364,25.375140531760746,0.4489462508048864,0.0
2022-11-09,0.2558306059666555,29.364257156346785,0.4489462508048864,0.0
2022-11-10,0.22576271129056494,28.30455253527321,0.4489462508048864,0.0
2022-11-11,0.19652802549444476,28.702990522239432,0.4489462508048864,0.0
2022-11-12,0.21254648946664845,29.136491625525817,0.4658111062352064,0.0
2022-11-13,0.2374676589433001,24.51989014024739,0.4658111062352064,0.0
2022-11-14,0.23121471982488592,26.30656144794413,0.4658111062352064,0.0
2022-11-15,0.2201296816518808,25.56241852315442,0.4658111062352064,0.0
2022-11-16,0.19181779326705004,29.36087794778201,0.4658111062352064,0.0
2022-11-17,0.22963664293811065,24.944969068438567,0.4658111062352064,0.0
2022-11-18,0.1912257797903481,26.203531913578086,0.4658111062352064,0.0
2022-11-19,0.25896969266624054,25.890624572138716,0.4658111062352064,0.0
2022-11-20,0.2555762991525798,22.60791154816384,0.4658111062352064,0.0
2022-11-21,0.20065858726450136,22.899563810042714,0.4658111062352064,0.0
2022-11-22,0.22437525848260517,23.85247774985428,0.4658111062352064,0.0
2022-11-23,0.21598710334911114,23.340915184717076,0.4658111062352064,0.0
2022-11-24,0.25096723886940464,26.85910799608526,0.4658111062352064,0.0
2022-11-25,0.29720593727163147,22.397620515774737,0.4658111062352064,0.0
2022-11-26,0.19853074474388838,25.74068109709234,0.4658111062352064,0.0
2022-11-27,0.2385851361933261,26.82719292743446,0.4658111062352064,0.0
2022-11-28,0.2409708930131654,23.21922120264064,0.4185092223011523,0.0
2022-11-29,0.27078817057971594,24.125698867878025,0.4185092223011523,0.0
2022-11-30,0.2636983331622339,28.009792053485466,0.4185092223011523,0.0
2022-12-01,0.2277905733378115,25.143181364969607,0.4185092223011523,0.0
2022-12-02,0.23217028425301178,26.32134750282205,0.4185092223011523,0.0
2022-12-03,0.2167901802877814,22.714412994249763,0.4185092223011523,0.0
2022-12-04,0.2776973039372853,24.587800314489822,0.4185092223011523,0.0
2022-12-05,0.25905509888470357,23.933082257574707,0.4185092223011523,0.0
2022-12-06,0.31925820366676627,23.079859389755285,0.4185092223011523,0.0
2022-12-07,0.26865433261651817,21.308712688259657,0.4185092223011523,0.0
2022-12-08,0.23080206294308925,22.574268906046868,0.4185092223011523,0.0
2022-12-09,0.19126061514147782,23.971296450640455,0.4185092223011523,0.0
2022-12-10,0.16926829587348527,24.825331143337362,0.4185092223011523,0.0
2022-12-11,0.17033573075685343,23.689862491787668,0.4185092223011523,0.0
2022-12-12,0.23545015201245795,21.833495079849843,0.4185092223011523,4.5
2022-12-13,0.26344042141678503,24.57861612145695,0.4185092223011523,0.1
2022-12-14,0.19869045185391082,22.30218120776088,0.1510159248677681,0.0
2022-12-15,0.26593347654883726,25.236420175145856,0.1510159248677681,0.0
2022-12-16,0.2378729061557308,24.211615407547487,0.1510159248677681,0.0
2022-12-17,0.25149962726621344,23.213716402491265,0.1510159248677681,0.0
2022-12-18,0.3068776101688039,22.836132050876227,0.1510159248677681,0.0
2022-12-19,0.29845265910593477,23.081321953783238,0.1510159248677681,0.0
2022-12-20,0.2551372250550763,23.344457893354676,0.1510159248677681,0.0
2022-12-21,0.22034943962698783,23.14545065854407,0.1510159248677681,0.0
2022-12-22,0.16579129284157068,20.839709506254337,0.1510159248677681,0.0
2022-12-23,0.19956702167898646,24.150885786734932,0.1510159248677681,0.0
2022-12-24,0.22748054814472662,23.15732129639263,0.1510159248677681,0.0
2022-12-25,0.20869288099312655,22.34703462867942,0.1510159248677681,0.0
2022-12-26,0.23301387044970728,20.781817037358188,0.1510159248677681,0.0
2022-12-27,0.24759397703846905,20.422270813851945,0.1510159248677681,0.0
2022-12-28,0.24140823374825796,22.78392442919566,0.1510159248677681,0.0
2022-12-29,0.22467237979565627,22.078837000273904,0.1510159248677681,0.0
2022-12-30,0.24830462745753235,20.352268297011822,0.26383423597056943,0.0
2022-12-31,0.264959310972189,22.882521654448407,0.26383423597056943,0.0
2023-01-01,0.21632382558115706,22.51662285293918,0.26383423597056943,0.0
2023-01-02,0.2892797809654666,24.164472874817072,0.26383423597056943,0.0
2023-01-03,0.2583333496596908,20.280142801162878,0.26383423597056943,0.0
2023-01-04,0.2531597417009769,23.406413989967177,0.26383423597056943,0.0
2023-01-05,0.27573542732427253,20.60579767400342,0.26383423597056943,0.0
2023-01-06,0.2658831927915043,25.10762245678151,0.26383423597056943,0.0
2023-01-07,0.28812474002441485,23.853736254480374,0.26383423597056943,0.0
2023-01-08,0.2714867677893883,21.529864463534476,0.26383423597056943,0.0
2023-01-09,0.23501072222440117,21.423409112413566,0.26383423597056943,0.0
2023-01-10,0.2581558400495339,20.389001900936513,0.26383423597056943,0.0
2023-01-11,0.21241633475863697,25.248459194526593,0.26383423597056943,0.0
2023-01-12,0.2425244901297694,25.825558381919077,0.26383423597056943,0.0
2023-01-13,0.24659429736637467,18.0,0.26383423597056943,0.0
2023-01-14,0.2416941992053735,24.314023022623438,0.26383423597056943,0.0
2023-01-15,0.24300944686124945,20.39171942885091,0.18817781466853478,0.0
2023-01-16,0.18203811746595747,23.351177531110416,0.18817781466853478,0.0
2023-01-17,0.21040606346885357,22.084223038196047,0.18817781466853478,0.0
2023-01-18,0.2413713905805951,20.851082446452324,0.18817781466853478,0.0
2023-01-19,0.25300639089408755,22.02730117966527,0.18817781466853478,0.0
2023-01-20,0.2149332873358177,23.349439276829575,0.18817781466853478,0.0
2023-01-21,0.2837797606310098,23.213066223435547,0.18817781466853478,0.0
2023-01-22,0.2298178085017954,23.343544907026008,0.18817781466853478,0.0
2023-01-23,0.27787634456897436,18.74153993749109,0.18817781466853478,0.0
2023-01-24,0.2733147060362013,25.407195967456303,0.18817781466853478,0.0
2023-01-25,0.23437645596632728,23.936074949626878,0.18817781466853478,0.0
2023-01-26,0.3074488180312311,22.521681965347522,0.18817781466853478,0.0
2023-01-27,0.2254573562978925,22.16180428405902,0.18817781466853478,0.0
2023-01-28,0.2748076029657178,26.363104159313423,0.18817781466853478,0.0
2023-01-29,0.29246266202121957,21.430537132980874,0.18817781466853478,0.0
2023-01-30,0.2392670912886833,23.814520109812825,0.18817781466853478,1.5
2023-01-31,0.2955164128888565,20.533086129355244,0.2786667318978207,0.0
2023-02-01,0.2549032958556936,24.114269176024635,0.2786667318978207,0.0
2023-02-02,0.26157526578150303,19.10708686110503,0.2786667318978207,0.0
2023-02-03,0.26258384409144364,21.30072876600277,0.2786667318978207,0.0
2023-02-04,0.2490743472759639,24.500703159130378,0.2786667318978207,0.0
2023-02-05,0.27810059374338153,24.08974296012196,0.2786667318978207,0.0
2023-02-06,0.2862022833423419,24.59340451326132,0.2786667318978207,0.0
2023-02-07,0.19966206593936622,25.022806796935765,0.2786667318978207,0.0
2023-02-08,0.2805505282825452,21.394540156210333,0.2786667318978207,0.0
2023-02-09,0.20097793890351492,24.60219436624581,0.2786667318978207,0.0
2023-02-10,0.2714324988230125,26.05111329143688,0.2786667318978207,0.0
2023-02-11,0.29586442943586916,25.333423899664357,0.2786667318978207,0.0
2023-02-12,0.22557550377322882,24.193251584997228,0.2786667318978207,0.0
2023-02-13,0.22829415105355816,21.917145709975816,0.2786667318978207,0.0
2023-02-14,0.2047885819190597,24.678716871380534,0.2786667318978207,0.0
2023-02-15,0.22891433851561216,22.214252799238402,0.2786667318978207,0.0
2023-02-16,0.23289310160818266,25.524685139008245,0.265924285937009,0.0
2023-02-17,0.2721560491118816,21.828751123661167,0.265924285937009,0.0
2023-02-18,0.30250762084775074,22.68352277512111,0.265924285937009,0.0
2023-02-19,0.3146012196319736,23.530396359113332,0.265924285937009,0.0
2023-02-20,0.2497044849593515,26.88317810446971,0.265924285937009,0.0
2023-02-21,0.24258857990674698,21.816747577037066,0.265924285937009,0.0
2023-02-22,0.18885623724429082,22.459374954611334,0.265924285937009,0.0
2023-02-23,0.20345141884592063,24.3898885831133,0.265924285937009,0.0
2023-02-24,0.2698052328121872,26.462744217454144,0.265924285937009,0.0
2023-02-25,0.31248696866784426,30.296275934674625,0.265924285937009,0.0
2023-02-26,0.22554388008455598,24.12688204674219,0.265924285937009,0.0
2023-02-27,0.2219269149550155,26.61463526078534,0.265924285937009,0.0
2023-02-28,0.24065387299294216,23.82695604157327,0.265924285937009,0.0
2023-03-01,0.2570018024565689,21.172111284954408,0.265924285937009,0.0
2023-03-02,0.22376441753971305,25.726067895778325,0.265924285937009,0.0
2023-03-03,0.25697146181815705,22.63158488380498,0.265924285937009,0.0
2023-03-04,0.23550706139796504,27.662157060812977,0.2460640156014422,0.0
2023-03-05,0.24514628893864973,27.690811829446723,0.2460640156014422,0.0
2023-03-06,0.26766383536172444,25.372822329491736,0.2460640156014422,0.0
2023-03-07,0.2555239300519001,29.861603742879296,0.2460640156014422,0.3
2023-03-08,0.23638367284714012,24.388136494833148,0.2460640156014422,0.0
2023-03-09,0.24207875871673795,26.18677126151377,0.2460640156014422,0.0
2023-03-10,0.2445309240428346,23.937923754729926,0.2460640156014422,0.0
2023-03-11,0.2354088911669759,26.767072546604645,0.2460640156014422,0.0
2023-03-12,0.23656480515674416,26.563471845507163,0.2460640156014422,0.0
2023-03-13,0.3019220925146883,27.471211052461086,0.2460640156014422,0.0
2023-03-14,0.2852088084323498,24.33409542740231,0.2460640156014422,0.0
2023-03-15,0.25022083139868434,30.50453569332734,0.2460640156014422,0.0
2023-03-16,0.27445965357748103,30.171252431068346,0.2460640156014422,3.3
2023-03-17,0.24565421393178394,28.4124412848396,0.2460640156014422,0.0
2023-03-18,0.2897556264950676,26.609665710952225,0.2460640156014422,4.8
2023-03-19,0.27486416467545355,29.28663601751461,0.2460640156014422,5.6
2023-03-20,0.25370367436248803,26.998986146836536,0.323859658425841,0.3
2023-03-21,0.2667811947121061,30.408831871346123,0.323859658425841,0.4
2023-03-22,0.20005369309123433,24.84837361874041,0.323859658425841,0.2
2023-03-23,0.1955792465155271,29.060060984025434,0.323859658425841,0.0
2023-03-24,0.1918863987306912,28.546976591270862,0.323859658425841,0.0
2023-03-25,0.23756892793593706,30.201097325758138,0.323859658425841,0.0
2023-03-26,0.3069087033627593,28.524347229999517,0.323859658425841,2.9
2023-03-27,0.3451681161255699,26.554539634868743,0.323859658425841,0.0
2023-03-28,0.30088222338809745,26.558316035881965,0.323859658425841,0.0
2023-03-29,0.2827942236394852,30.44584481891518,0.323859658425841,0.0
2023-03-30,0.19680124639649968,29.47809323397813,0.323859658425841,0.1
2023-03-31,0.21504679092825912,31.550224378900136,0.323859658425841,0.2
2023-04-01,0.21194160596168937,31.427076495612816,0.323859658425841,0.7
2023-04-02,0.21685281584971772,33.65330849811866,0.323859658425841,0.0
2023-04-03,0.23417081110444765,33.32333730111771,0.323859658425841,0.0
2023-04-04,0.22872807311193483,31.21434703270853,0.323859658425841,0.0
2023-04-05,0.17434292857042788,27.84334724846919,0.3064064518102533,0.0
2023-04-06,0.25347973753524206,29.275819874547228,0.3064064518102533,0.0
2023-04-07,0.21349791535967938,33.66493350613229,0.3064064518102533,9.4
2023-04-08,0.24742301485179408,30.806231709907674,0.3064064518102533,0.1
2023-04-09,0.3218197978967873,29.57342051700286,0.3064064518102533,1.0
2023-04-10,0.23936747866351132,30.707205704024066,0.3064064518102533,0.0
2023-04-11,0.15825018030293184,31.283405512710143,0.3064064518102533,0.0
2023-04-12,0.21246490632507567,34.64718774526045,0.3064064518102533,0.0
2023-04-13,0.2772730591224727,33.30399340031403,0.3064064518102533,0.0
2023-04-14,0.32672407863446257,30.066460823106638,0.3064064518102533,0.0
2023-04-15,0.22998298778450416,35.51738501968745,0.3064064518102533,0.6
2023-04-16,0.26137936914862947,31.08221194896751,0.3064064518102533,0.0
2023-04-17,0.23712794475728693,34.28745905334115,0.3064064518102533,0.0
2023-04-18,0.24243019102654134,33.22939125172641,0.3064064518102533,0.0
2023-04-19,0.34028107445355865,34.53862240380143,0.3064064518102533,0.0
2023-04-20,0.22448036084223721,31.318147019754246,0.3064064518102533,0.0
2023-04-21,0.2512249964049812,33.61559827242653,0.19576453403259614,0.0
2023-04-22,0.2667367599332845,33.685496548260915,0.19576453403259614,0.3
2023-04-23,0.2930235493528625,35.05326839337206,0.19576453403259614,0.0
2023-04-24,0.26633647517734005,35.76757810110192,0.19576453403259614,0.2
2023-04-25,0.26568271143584554,30.912460273034124,0.19576453403259614,0.1
2023-04-26,0.24099711357099096,33.74639884463965,0.19576453403259614,0.2
2023-04-27,0.256718577014876,35.707523464073276,0.19576453403259614,0.9
2023-04-28,0.2400038434620534,32.258607326728416,0.19576453403259614,2.8
2023-04-29,0.2687561691835778,33.47191411251043,0.19576453403259614,9.7
2023-04-30,0.24269048899354612,36.21567459879769,0.19576453403259614,23.5
2023-05-01,0.26100566048464036,36.57596911947172,0.19576453403259614,2.1
2023-05-02,0.2522774996664179,35.8411693015133,0.19576453403259614,5.2
2023-05-03,0.29009500867695126,36.0308157649885,0.19576453403259614,13.2
2023-05-04,0.26022972227748836,36.62080393645939,0.19576453403259614,0.8
2023-05-05,0.19101278029600566,36.00041973999977,0.19576453403259614,2.3
2023-05-06,0.2764710866137914,36.4382072207992,0.19576453403259614,0.0
2023-05-07,0.22624069545394576,37.18408379881097,0.15744365586722464,0.1
2023-05-08,0.219990386783475,36.03059745786856,0.15744365586722464,0.5
2023-05-09,0.22014897074352024,37.254427561635495,0.15744365586722464,0.0
2023-05-10,0.2891500244840347,39.80966648709598,0.15744365586722464,0.0
2023-05-11,0.18699640985595606,32.89880211418723,0.15744365586722464,0.0
2023-05-12,0.3409201216348866,38.80039494886778,0.15744365586722464,0.0
2023-05-13,0.3142380248077778,33.861598374606174,0.15744365586722464,0.0
2023-05-14,0.2770847694368539,35.24035267756008,0.15744365586722464,0.0
2023-05-15,0.25620414080948617,40.95493011629882,0.15744365586722464,0.0
2023-05-16,0.26185563486286384,36.74190852012778,0.15744365586722464,0.0
2023-05-17,0.27179597545213596,38.34558723615466,0.15744365586722464,0.0
2023-05-18,0.2791213381438928,38.99140400217393,0.15744365586722464,0.0
2023-05-19,0.27818255775328854,39.46822289502318,0.15744365586722464,0.0
2023-05-20,0.26159009116992027,35.40078777204535,0.15744365586722464,0.0
2023-05-21,0.24657018264021968,38.313773601972834,0.15744365586722464,0.0
2023-05-22,0.243676489864193,37.29469079713986,0.15744365586722464,0.0
2023-05-23,0.24128115714691406,39.63666206915937,0.31665691559782383,0.1
2023-05-24,0.2870663005344215,39.158201969788,0.31665691559782383,0.0
2023-05-25,0.2818943754401566,41.56159590662652,0.31665691559782383,0.0
2023-05-26,0.15665471041879714,38.04104910645355,0.31665691559782383,0.0
2023-05-27,0.24495294030418074,39.81735036398819,0.31665691559782383,0.0
2023-05-28,0.2553016489064113,37.90296312883968,0.31665691559782383,1.5
2023-05-29,0.25093568819631695,40.46578625594067,0.31665691559782383,0.0
2023-05-30,0.23668256060078408,41.63683347489175,0.31665691559782383,0.0
2023-05-31,0.2853487133797457,38.944263714929136,0.31665691559782383,0.0
2023-06-01,0.46876804018822377,35.97164103901045,0.31665691559782383,0.0
2023-06-02,0.46357969368264074,40.394712870338154,0.31665691559782383,0.0
2023-06-03,0.5033207381541509,36.00140948301747,0.31665691559782383,0.0
2023-06-04,0.4669882357373002,40.53915328529139,0.31665691559782383,0.4
2023-06-05,0.4418098349535775,39.38764278761323,0.31665691559782383,0.0
2023-06-06,0.4606078476254244,40.90692918581946,0.31665691559782383,0.0
2023-06-07,0.5183661258210239,42.38607789071932,0.31665691559782383,0.0
2023-06-08,0.5388692143344702,38.61557088236196,0.36204568652910385,0.0
2023-06-09,0.5296187540037463,37.093290101705975,0.36204568652910385,0.0
2023-06-10,0.5342639787408038,40.891292690811575,0.36204568652910385,0.1
2023-06-11,0.5283454336712647,44.534999374842606,0.36204568652910385,0.0
2023-06-12,0.48605177426857604,38.58281060530655,0.36204568652910385,0.0
2023-06-13,0.5109328213441607,38.18770363216801,0.36204568652910385,0.8
2023-06-14,0.5312941797862172,40.15906380521643,0.36204568652910385,0.0
2023-06-15,0.5357884504793402,39.314262038923665,0.36204568652910385,0.4
2023-06-16,0.5523485031454145,41.509764953917276,0.36204568652910385,0.0
2023-06-17,0.5404951855956616,41.35027786835248,0.36204568652910385,0.0
2023-06-18,0.5244492429426538,38.74303369580111,0.36204568652910385,0.0
2023-06-19,0.544790031223871,45.0,0.36204568652910385,0.0
2023-06-20,0.5125087652934441,39.24603803142708,0.36204568652910385,0.0
2023-06-21,0.47288701679506306,41.201040445072515,0.36204568652910385,4.5
2023-06-22,0.4861587613004872,41.56550083575697,0.36204568652910385,3.4
2023-06-23,0.4697760358219204,42.63768923990197,0.36204568652910385,14.4
2023-06-24,0.4673015711224727,40.40585293745321,0.21084657756533418,3.1
2023-06-25,0.48513231786169864,40.54425297797731,0.21084657756533418,26.8
2023-06-26,0.4678049981235109,41.44929051894243,0.21084657756533418,86.5
2023-06-27,0.47956284589968684,44.5856406571846,0.21084657756533418,87.4
2023-06-28,0.42759234042652355,41.56157125644211,0.21084657756533418,42.1
2023-06-29,0.48574298188600995,43.760625528028164,0.21084657756533418,11.6
2023-06-30,0.4957650862034808,39.92737133137005,0.21084657756533418,2.9
2023-07-01,0.4701314237736576,42.61294170664039,0.21084657756533418,0.8
2023-07-02,0.5141130255272315,42.33714220821521,0.21084657756533418,1.6
2023-07-03,0.537048862475099,42.52470166022985,0.21084657756533418,0.5
2023-07-04,0.45485006348961554,45.0,0.21084657756533418,9.9
2023-07-05,0.4597596517970671,43.33028876825787,0.21084657756533418,15.0
2023-07-06,0.46100791329656465,41.30972094192004,0.21084657756533418,14.9
2023-07-07,0.4554057654501591,39.172051494997,0.21084657756533418,31.3
2023-07-08,0.5156533491026589,43.704342420765215,0.21084657756533418,34.5
2023-07-09,0.4979120898737496,43.94367330809075,0.21084657756533418,11.5
2023-07-10,0.4901156075162535,40.942282582763376,0.4621771894877539,10.4
2023-07-11,0.42689949950063966,38.03884871633576,0.4621771894877539,12.8
2023-07-12,0.5003094809075148,44.11351907567114,0.4621771894877539,11.8
2023-07-13,0.4567188004523829,41.987350616630216,0.4621771894877539,10.9
2023-07-14,0.48911328219503636,42.6151444787392,0.4621771894877539,17.3
2023-07-15,0.5064421774870476,39.4899590178058,0.4621771894877539,26.0
2023-07-16,0.5495557041004671,42.23621341784105,0.4621771894877539,15.1
2023-07-17,0.4690579972609711,41.97370198170871,0.4621771894877539,49.3
2023-07-18,0.38503447372456245,42.937316643138665,0.4621771894877539,26.6
2023-07-19,0.47194507618374804,40.03261125043143,0.4621771894877539,36.0
2023-07-20,0.5546014142080042,44.65296490858027,0.4621771894877539,5.6
2023-07-21,0.5597435466152815,40.07916948057895,0.4621771894877539,26.2
2023-07-22,0.5252611435191963,42.364823223348075,0.4621771894877539,21.6
2023-07-23,0.4903710765586372,40.52515898936874,0.4621771894877539,16.2
2023-07-24,0.525360613849897,40.67618992098871,0.4621771894877539,3.5
2023-07-25,0.47353406716531266,39.58541648126087,0.4621771894877539,5.8
2023-07-26,0.5087327420770614,42.422437347576164,0.3994973578994756,23.4
2023-07-27,0.5203112781939504,42.49399509451545,0.3994973578994756,23.6
2023-07-28,0.5432007302206459,41.62655090380657,0.3994973578994756,34.7
2023-07-29,0.6095483204280815,43.04500459547061,0.3994973578994756,12.8
2023-07-30,0.5465990549796813,42.51382220727783,0.3994973578994756,23.4
2023-07-31,0.49616598959414193,41.06744616513812,0.3994973578994756,11.3
2023-08-01,0.49795469595152275,43.57658385774495,0.3994973578994756,13.1
2023-08-02,0.43746875211433767,41.04313428905315,0.3994973578994756,19.4
2023-08-03,0.45692566604618423,42.88941668445489,0.3994973578994756,111.1
2023-08-04,0.4727528144798966,40.58543543954327,0.3994973578994756,29.5
2023-08-05,0.4734827504162582,40.49148265967073,0.3994973578994756,3.4
2023-08-06,0.4973772456460577,43.500361750712344,0.3994973578994756,16.9
2023-08-07,0.47042847606044025,38.95263075491678,0.3994973578994756,2.7
2023-08-08,0.5303646161744886,39.721164674838214,0.3994973578994756,1.5
2023-08-09,0.5091166321244834,36.82237938065846,0.3994973578994756,1.3
2023-08-10,0.5024094783974935,38.9863575977025,0.3994973578994756,0.8
2023-08-11,0.4892465284412959,38.54591677075016,0.4141170997629273,0.3
2023-08-12,0.502205632467453,38.822662193851805,0.4141170997629273,0.4
2023-08-13,0.529540129003603,40.00929087999406,0.4141170997629273,4.2
2023-08-14,0.4785124811511994,39.24060825852944,0.4141170997629273,0.7
2023-08-15,0.47051966722772576,42.00576005540295,0.4141170997629273,7.7
2023-08-16,0.48052548916113447,44.463559469795044,0.4141170997629273,0.8
2023-08-17,0.44705216442677775,38.54157143665282,0.4141170997629273,27.7
2023-08-18,0.45544162423778084,41.79117267736769,0.4141170997629273,47.4
2023-08-19,0.46996475669727117,40.12380545658873,0.4141170997629273,27.4
2023-08-20,0.5215930483341268,38.319249370644876,0.4141170997629273,7.4
2023-08-21,0.5156675610153054,39.06922396289689,0.4141170997629273,9.6
2023-08-22,0.5114759152024556,37.85078729310607,0.4141170997629273,5.4
2023-08-23,0.5332242032366157,38.11035934290013,0.4141170997629273,24.8
2023-08-24,0.5051592483770058,43.17906304156721,0.4141170997629273,9.4
2023-08-25,0.5152140442606128,40.26141971573854,0.4141170997629273,0.3
2023-08-26,0.5009514519255465,36.59188047593826,0.4141170997629273,0.9
2023-08-27,0.5095731178066509,37.673218920528335,0.5950424091247932,0.1
2023-08-28,0.4824753823255899,39.30048425672752,0.5950424091247932,0.1
2023-08-29,0.4093840141580019,36.154084510226724,0.5950424091247932,0.7
2023-08-30,0.4681154335708799,37.587765237703714,0.5950424091247932,0.6
2023-08-31,0.5402308148347619,38.03663703708369,0.5950424091247932,0.2
2023-09-01,0.5444867835288842,40.022393166507165,0.5950424091247932,0.7
2023-09-02,0.5471349470193562,38.5957587035296,0.5950424091247932,1.0
2023-09-03,0.5574050593690244,41.87420240011921,0.5950424091247932,2.5
2023-09-04,0.5203245334943576,32.75979366698434,0.5950424091247932,0.8
2023-09-05,0.5130034098075031,34.878192752783235,0.5950424091247932,9.2
2023-09-06,0.48228320660204865,37.01213001360899,0.5950424091247932,9.9
2023-09-07,0.4836224120196678,37.3820473903141,0.5950424091247932,17.8
2023-09-08,0.5166387138478903,35.28806790981022,0.5950424091247932,28.5
2023-09-09,0.5471275694552756,34.97416159920152,0.5950424091247932,8.4
2023-09-10,0.5092576511877477,38.18815034315351,0.5950424091247932,32.3
2023-09-11,0.4870206710865249,37.36886658071283,0.5950424091247932,11.1
2023-09-12,0.4961246798859384,38.20226015126108,0.46929680418002445,22.4
2023-09-13,0.5198796401783006,39.02414295733739,0.46929680418002445,23.1
2023-09-14,0.45542897348881617,35.782500821732455,0.46929680418002445,27.6
2023-09-15,0.4062623586868415,34.39625419416202,0.46929680418002445,47.6
2023-09-16,0.452609917873847,36.38508671264093,0.46929680418002445,6.3
2023-09-17,0.4430580404551585,37.7192072827497,0.46929680418002445,0.8
2023-09-18,0.4651325052188916,36.417764664840846,0.46929680418002445,0.2
2023-09-19,0.4843674404070559,32.226257492316705,0.46929680418002445,14.6
2023-09-20,0.4794465378063113,34.64689557214825,0.46929680418002445,6.0
2023-09-21,0.5446703250483694,34.05087931804462,0.46929680418002445,14.7
2023-09-22,0.524837164275592,33.697786595295085,0.46929680418002445,5.1
2023-09-23,0.5179677518690566,31.71352711613576,0.46929680418002445,16.1
2023-09-24,0.527167575602236,35.23179916696775,0.46929680418002445,6.0
2023-09-25,0.46829111355834385,36.771510752869965,0.46929680418002445,0.2
2023-09-26,0.5268562466272125,34.7913423472931,0.46929680418002445,1.3
2023-09-27,0.5054051239594226,32.31342453819163,0.46929680418002445,4.0
2023-09-28,0.5250883587912691,36.1873202817784,0.451991008653689,2.1
2023-09-29,0.4700115044809753,32.389556600718684,0.451991008653689,10.9
2023-09-30,0.43662189453373024,33.390134500130785,0.451991008653689,1.4
2023-10-01,0.33461270639099505,34.965635235448545,0.451991008653689,0.1
2023-10-02,0.28855814533071156,33.39439478292902,0.451991008653689,0.0
2023-10-03,0.22999563919670057,32.59443844098321,0.451991008653689,0.6
2023-10-04,0.21356048391439586,32.924808290594015,0.451991008653689,0.0
2023-10-05,0.27845836262883567,32.5672028952583,0.451991008653689,0.0
2023-10-06,0.21690809253829418,31.74368211580891,0.451991008653689,0.0
2023-10-07,0.29756598112544697,34.43489472614133,0.451991008653689,0.0
2023-10-08,0.23274806862495867,31.92174573242205,0.451991008653689,0.0
2023-10-09,0.267168137983781,30.975369625099855,0.451991008653689,0.0
2023-10-10,0.24364879474391982,31.43401448146172,0.451991008653689,0.0
2023-10-11,0.2692061985110579,33.802503048324375,0.451991008653689,0.0
2023-10-12,0.2367178694793206,30.36664071947075,0.451991008653689,0.0
2023-10-13,0.24031760913126587,31.91147380026957,0.451991008653689,0.0
2023-10-14,0.24852745387823,32.5123660623855,0.4553755358980877,0.0
2023-10-15,0.21448167521111744,30.271035838802565,0.4553755358980877,0.0
2023-10-16,0.26527335465303964,29.69316263786782,0.4553755358980877,0.0
2023-10-17,0.2366195315694064,29.263676778292805,0.4553755358980877,0.3
2023-10-18,0.23798486243392125,30.074944858537073,0.4553755358980877,0.0
2023-10-19,0.21159323061887841,30.469403918536972,0.4553755358980877,0.0
2023-10-20,0.14879629112782766,32.57407138614924,0.4553755358980877,0.2
2023-10-21,0.21295291564734237,29.95518813889467,0.4553755358980877,0.0
2023-10-22,0.32332741445065477,31.784375361777315,0.4553755358980877,0.0
2023-10-23,0.2994593744116273,30.58712867654104,0.4553755358980877,0.0
2023-10-24,0.26416369903278436,28.619744479108608,0.4553755358980877,0.0
2023-10-25,0.24504793068754593,31.002809279686268,0.4553755358980877,0.0
2023-10-26,0.2493006854546854,28.22367533357112,0.4553755358980877,0.0
2023-10-27,0.2689393746675379,29.347949385761243,0.4553755358980877,0.0
2023-10-28,0.21435336386445178,29.299217443204615,0.4553755358980877,0.0
2023-10-29,0.278307268472746,28.76682904102838,0.4553755358980877,0.0
2023-10-30,0.2835305265822673,27.834900600572723,0.3857732134883146,0.0
2023-10-31,0.28519565837445787,31.098749493712504,0.3857732134883146,0.0
2023-11-01,0.2759053483706778,29.609874794643055,0.3857732134883146,0.0
2023-11-02,0.258458187530493,29.93923006540047,0.3857732134883146,1.0
2023-11-03,0.27608759951798656,25.790024137503508,0.3857732134883146,0.0
2023-11-04,0.2785397745363442,29.04266899423492,0.3857732134883146,0.0
2023-11-05,0.24617050747796743,27.141392330287026,0.3857732134883146,0.0
2023-11-06,0.22877509019199868,28.893959030568453,0.3857732134883146,0.0
2023-11-07,0.2471974973917691,32.167274039499006,0.3857732134883146,0.0
2023-11-08,0.3033749545198623,27.363468463876256,0.3857732134883146,0.0
2023-11-09,0.22264373870807214,27.145802445672818,0.3857732134883146,0.0
2023-11-10,0.19042973731108623,23.6134322471956,0.3857732134883146,0.0
2023-11-11,0.23789555063660395,29.28453938635456,0.3857732134883146,0.0
2023-11-12,0.24814973475594182,23.92433678419347,0.3857732134883146,0.0
2023-11-13,0.2555118786797468,23.673829105524185,0.3857732134883146,0.0
2023-11-14,0.26019192553072157,27.54107902801593,0.3857732134883146,0.0
2023-11-15,0.2452454987469983,23.670512644367616,0.46709900780105895,0.0
2023-11-16,0.3007188699751724,27.61760895404436,0.46709900780105895,0.0
2023-11-17,0.20918402174587364,23.969784701919323,0.46709900780105895,0.0
2023-11-18,0.2087578106564535,25.246377318859583,0.46709900780105895,0.0
2023-11-19,0.23401342659171936,28.29262527372785,0.46709900780105895,0.0
2023-11-20,0.18769241958711996,25.746108972689356,0.46709900780105895,0.0
2023-11-21,0.22515282172101347,23.389275178248834,0.46709900780105895,0.0
2023-11-22,0.30069730231678465,26.77254473819274,0.46709900780105895,0.0
2023-11-23,0.26594021778539406,23.071347340794397,0.46709900780105895,0.0
2023-11-24,0.26285659703577213,27.17427200984286,0.46709900780105895,0.0
2023-11-25,0.20975121232969132,27.430095043623215,0.46709900780105895,0.0
2023-11-26,0.21635271441752565,24.768816917784825,0.46709900780105895,0.0
2023-11-27,0.22677394101391987,23.14774372858124,0.46709900780105895,0.1
2023-11-28,0.23191215391770775,24.564502710496377,0.46709900780105895,5.2
2023-11-29,0.2894311790004442,22.034693032932683,0.46709900780105895,5.9
2023-11-30,0.28134854082551264,26.188668243048465,0.46709900780105895,9.7
2023-12-01,0.22050353375485765,22.364045221219342,0.34159063132963835,0.6
2023-12-02,0.24977872737157747,23.39256068724126,0.34159063132963835,0.0
2023-12-03,0.2673713794088607,25.466672699031996,0.34159063132963835,0.0
2023-12-04,0.2951166301709025,22.27213278747416,0.34159063132963835,0.3
2023-12-05,0.31885391308116384,26.230472550116662,0.34159063132963835,1.8
2023-12-06,0.2351278772103737,22.53180270759093,0.34159063132963835,11.7
2023-12-07,0.21715835027075026,23.445808857422968,0.34159063132963835,1.4
2023-12-08,0.19613228001921348,21.44578729647711,0.34159063132963835,0.4
2023-12-09,0.22564898893701968,25.378270404772827,0.34159063132963835,0.0
2023-12-10,0.2590172397867276,24.71102374744475,0.34159063132963835,0.0
2023-12-11,0.28726188001663683,22.56518890199137,0.34159063132963835,0.0
2023-12-12,0.2585202781775028,22.83360578590696,0.34159063132963835,0.0
2023-12-13,0.24136142013933132,25.477983743675136,0.34159063132963835,0.0
2023-12-14,0.2527199557705053,23.806018309048437,0.34159063132963835,0.0
2023-12-15,0.22158598517410077,23.54621495258293,0.34159063132963835,0.0
2023-12-16,0.3146096508115473,24.371116135124065,0.34159063132963835,0.0
2023-12-17,0.2131147592943321,23.63812117911525,0.32246715570950013,0.0
2023-12-18,0.24540034804965,23.022373332247458,0.32246715570950013,0.0
2023-12-19,0.31944632208793233,23.02059250527642,0.32246715570950013,0.0
2023-12-20,0.27107189118597963,18.887029229560298,0.32246715570950013,0.0
2023-12-21,0.24967020113074156,21.134876750883443,0.32246715570950013,0.0
2023-12-22,0.2373904705408575,18.0,0.32246715570950013,0.0
2023-12-23,0.23990343230057296,23.840178145556166,0.32246715570950013,0.0
2023-12-24,0.29502072630385046,21.21824057979689,0.32246715570950013,0.0
2023-12-25,0.1860910509946224,24.532821201105325,0.32246715570950013,0.0
2023-12-26,0.2844974948437581,18.66218863172595,0.32246715570950013,0.0
2023-12-27,0.21051074811737236,20.827526819510332,0.32246715570950013,0.0
2023-12-28,0.22882039291200718,21.27378701217652,0.32246715570950013,0.0
2023-12-29,0.228622563163149,23.82303751800056,0.32246715570950013,0.0
2023-12-30,0.2641861333909199,22.837172136296566,0.32246715570950013,0.0
2023-12-31,0.1983214877013448,24.782501445777452,0.32246715570950013,0.0
2024-01-01,0.25067248962327143,23.869625183679883,0.32246715570950013,0.0
2024-01-02,0.3210525837020213,19.27912604926626,0.22359390816009536,0.0
2024-01-03,0.223604684949858,26.100313537836225,0.22359390816009536,0.0
2024-01-04,0.24872112135132124,25.202800784941303,0.22359390816009536,0.0
2024-01-05,0.22644696018251503,23.51998511020701,0.22359390816009536,0.2
2024-01-06,0.2578401402715108,21.782916856883336,0.22359390816009536,1.3
2024-01-07,0.2530222142910046,20.01736360384441,0.22359390816009536,0.0
2024-01-08,0.22845462247075055,18.0,0.22359390816009536,0.0
2024-01-09,0.26061191671171274,19.155034905317123,0.22359390816009536,0.0
2024-01-10,0.3163357588560498,18.0,0.22359390816009536,4.0
2024-01-11,0.2632190949463595,22.587757776977533,0.22359390816009536,0.0
2024-01-12,0.27915725645909417,25.17807569732658,0.22359390816009536,0.0
2024-01-13,0.2134826234122375,23.16196028102283,0.22359390816009536,0.0
2024-01-14,0.20556951383504093,22.01203239074199,0.22359390816009536,0.0
2024-01-15,0.25320507387632546,21.354721151951633,0.22359390816009536,0.0
2024-01-16,0.3029055831616564,24.65412399229204,0.22359390816009536,0.0
2024-01-17,0.278318142155995,21.610694364240185,0.22359390816009536,1.8
2024-01-18,0.24753841157848805,24.01142792266573,0.20446786160789016,2.2
2024-01-19,0.24923672266336377,22.063580752355815,0.20446786160789016,0.2
2024-01-20,0.20600674611006903,23.2456369549838,0.20446786160789016,7.9
2024-01-21,0.25796006025545853,19.61757301622577,0.20446786160789016,1.3
2024-01-22,0.2832696752579569,23.52910147882043,0.20446786160789016,0.0
2024-01-23,0.24415774092822923,23.724777750148533,0.20446786160789016,2.2
2024-01-24,0.23179584710688617,22.350626046922812,0.20446786160789016,0.0
2024-01-25,0.2538444921698876,23.94206964683521,0.20446786160789016,0.0
2024-01-26,0.23586815688954543,21.04393263010793,0.20446786160789016,0.0
2024-01-27,0.24344580555495984,22.334116312433434,0.20446786160789016,0.0
2024-01-28,0.321524004287316,23.259795680766885,0.20446786160789016,0.0
2024-01-29,0.26281130176008494,25.60936260291043,0.20446786160789016,0.0
2024-01-30,0.24130148520728273,22.25172145020142,0.20446786160789016,0.0
2024-01-31,0.22472648236495424,23.638164009895384,0.20446786160789016,0.1
2024-02-01,0.268464663711984,22.937309104867374,0.20446786160789016,0.0
2024-02-02,0.24919655305096158,19.056551218170597,0.20446786160789016,0.0
2024-02-03,0.22703090957403854,23.532227604489957,0.2825601030617628,0.0
2024-02-04,0.28935491400176694,22.97451436875587,0.2825601030617628,0.0
2024-02-05,0.3114925793585074,23.916115174016465,0.2825601030617628,0.0
2024-02-06,0.24743294900669754,23.481250586800343,0.2825601030617628,0.0
2024-02-07,0.18390098640438768,24.68201643317284,0.2825601030617628,0.0
2024-02-08,0.26543327506560854,20.559361719968813,0.2825601030617628,0.0
2024-02-09,0.2306679386180824,20.522171169201208,0.2825601030617628,0.0
2024-02-10,0.27187227755612164,21.394907904393268,0.2825601030617628,2.7
2024-02-11,0.18760804964692224,22.641818677649393,0.2825601030617628,6.1
2024-02-12,0.26252332173455245,23.612468694630373,0.2825601030617628,0.3
2024-02-13,0.21136597899553838,27.704624929574432,0.2825601030617628,0.0
2024-02-14,0.26398653786598986,24.188414204468106,0.2825601030617628,0.0
2024-02-15,0.25469551873407215,21.3433920956141,0.2825601030617628,7.6
2024-02-16,0.21802077594133906,23.28110833069385,0.2825601030617628,0.0
2024-02-17,0.2261599618299644,25.23368496151025,0.2825601030617628,0.0
2024-02-18,0.2668691345424738,24.601116940252144,0.2825601030617628,0.0
2024-02-19,0.2587670462217753,23.132306117570472,0.25081740658771867,0.0
2024-02-20,0.27308456818306953,24.271282345036887,0.25081740658771867,0.0
2024-02-21,0.32610079091296285,25.41771803037237,0.25081740658771867,0.0
2024-02-22,0.21808178086400204,24.64589724284801,0.25081740658771867,0.0
2024-02-23,0.29702697438310244,28.350427259439186,0.25081740658771867,0.0
2024-02-24,0.2677605501282432,26.306350843056247,0.25081740658771867,0.0
2024-02-25,0.22387072334716346,25.347936230859446,0.25081740658771867,0.0
2024-02-26,0.19560024010328436,27.77517750325405,0.25081740658771867,4.8
2024-02-27,0.2270608583537891,28.85333568371404,0.25081740658771867,16.0
2024-02-28,0.2753760114234928,26.47157145414718,0.25081740658771867,0.0
2024-02-29,0.2531485842138341,25.60477919144154,0.25081740658771867,0.0
2024-03-01,0.3038349978228074,24.444236301644466,0.25081740658771867,0.0
2024-03-02,0.2153593501950376,26.328277764405662,0.25081740658771867,0.2
2024-03-03,0.23918469188389935,25.70393202138597,0.25081740658771867,0.3
2024-03-04,0.20292163701071064,27.41456124795545,0.25081740658771867,0.0
2024-03-05,0.24860360699508705,23.896378664225235,0.25081740658771867,0.0
2024-03-06,0.28062214075193165,25.215301781836054,0.24316064313531435,0.0
2024-03-07,0.24445997944674264,25.147935035418964,0.24316064313531435,0.0
2024-03-08,0.15719050885207309,26.563178148857915,0.24316064313531435,0.0
2024-03-09,0.22912033779349925,24.01209717360077,0.24316064313531435,0.0
2024-03-10,0.2590219506487226,28.022243052191136,0.24316064313531435,0.0
2024-03-11,0.2668569016182762,26.340472521510605,0.24316064313531435,0.0
2024-03-12,0.2983094471992582,28.19056992724316,0.24316064313531435,0.0
2024-03-13,0.22700595537206075,23.968067696581628,0.24316064313531435,0.0
2024-03-14,0.26690935030238394,25.754387790348165,0.24316064313531435,0.0
2024-03-15,0.2968105680274443,30.36662704043759,0.24316064313531435,0.0
2024-03-16,0.20179260496800522,27.55839559815569,0.24316064313531435,0.0
2024-03-17,0.24672559539756575,31.99515134187584,0.24316064313531435,0.0
2024-03-18,0.2313713845340012,25.87838377660738,0.24316064313531435,20.1
2024-03-19,0.2415581218016427,28.525276682373697,0.24316064313531435,16.8
2024-03-20,0.2596361134643346,26.45048058497701,0.24316064313531435,1.0
2024-03-21,0.23583783429532607,28.64218649367716,0.24316064313531435,0.0
2024-03-22,0.22210156751794136,22.885031579624677,0.21111727188374332,0.0
2024-03-23,0.24282580486746327,30.79232791164054,0.21111727188374332,0.0
2024-03-24,0.20979413360004087,30.52630430779347,0.21111727188374332,0.0
2024-03-25,0.19993436056903074,32.0994431836073,0.21111727188374332,0.0
2024-03-26,0.2587583730741868,30.761235997593246,0.21111727188374332,0.0
2024-03-27,0.21241972069170306,30.441233961852834,0.21111727188374332,0.0
2024-03-28,0.26204685373933334,28.58818301033791,0.21111727188374332,0.0
2024-03-29,0.26980475137168825,28.114608937882597,0.21111727188374332,0.0
2024-03-30,0.1955381899038356,25.43477793242799,0.21111727188374332,0.4
2024-03-31,0.20994669413940276,33.6475218451226,0.21111727188374332,0.4
2024-04-01,0.27977783734847883,28.407881591684724,0.21111727188374332,0.0
2024-04-02,0.22459255761465477,30.068314426863697,0.21111727188374332,0.0
2024-04-03,0.22612361810356785,29.41025576232915,0.21111727188374332,0.0
2024-04-04,0.25900921669488675,33.00226412220424,0.21111727188374332,0.0
2024-04-05,0.28012143283335683,31.142965099979676,0.21111727188374332,0.0
2024-04-06,0.2502325688384497,30.46855350085041,0.21111727188374332,0.0
2024-04-07,0.22915691383732745,33.30231009178421,0.28984148607036664,1.4
2024-04-08,0.293530019310646,31.462591008060908,0.28984148607036664,8.9
2024-04-09,0.32392049402610906,33.778181734008925,0.28984148607036664,14.9
2024-04-10,0.30643617998519557,33.34796428460237,0.28984148607036664,13.9
2024-04-11,0.2699169889853345,31.695092002951156,0.28984148607036664,1.9
2024-04-12,0.22768579643816791,31.64720438628821,0.28984148607036664,1.8
2024-04-13,0.21424018470197057,32.78237704045671,0.28984148607036664,0.0
2024-04-14,0.2575600490948927,31.23578567318539,0.28984148607036664,0.0
2024-04-15,0.2669119524595717,33.39883996911119,0.28984148607036664,1.3
2024-04-16,0.3041295364909965,31.489398128030327,0.28984148607036664,0.0
2024-04-17,0.2890046141860638,33.95697241369028,0.28984148607036664,0.0
2024-04-18,0.2090935736942255,33.4262844306136,0.28984148607036664,0.0
2024-04-19,0.2745462387285698,32.44476460559759,0.28984148607036664,0.0
2024-04-20,0.22243174966256646,31.48773017477202,0.28984148607036664,0.0
2024-04-21,0.22829053038043762,35.39148384310682,0.28984148607036664,0.0
2024-04-22,0.25224416633294056,33.27512682069216,0.28984148607036664,0.0
2024-04-23,0.3205216120423209,32.13950223664736,0.25191558159446653,2.6
2024-04-24,0.3800036330728839,35.01768364751744,0.25191558159446653,0.0
2024-04-25,0.3102363969916315,35.15756449853649,0.25191558159446653,0.0
2024-04-26,0.26165903744227587,33.78381901419228,0.25191558159446653,0.2
2024-04-27,0.27220540892950196,37.81268015846149,0.25191558159446653,0.0
2024-04-28,0.2877295625844349,35.59536786368471,0.25191558159446653,2.6
2024-04-29,0.25009550188082874,36.38823639872778,0.25191558159446653,0.3
2024-04-30,0.31286104802117987,35.029962401208216,0.25191558159446653,0.0
2024-05-01,0.27691079097805305,36.5901829261669,0.25191558159446653,0.0
2024-05-02,0.2754942454116147,38.38363741728887,0.25191558159446653,0.0
2024-05-03,0.2809556224453906,31.251354871193186,0.25191558159446653,0.0
2024-05-04,0.2740422181051231,39.88632705386403,0.25191558159446653,0.0
2024-05-05,0.28657558294797336,34.42946833636764,0.25191558159446653,0.0
2024-05-06,0.23936881335524968,40.58423086671964,0.25191558159446653,0.0
2024-05-07,0.22727008261846382,37.624735926221575,0.25191558159446653,0.1
2024-05-08,0.2046756266315298,34.73370893739042,0.25191558159446653,4.9
2024-05-09,0.25178523106116685,35.16815929524748,0.2469965434906983,10.3
2024-05-10,0.27779834694127403,40.1543861233897,0.2469965434906983,1.6
2024-05-11,0.27436155439769816,34.414926967295784,0.2469965434906983,0.5
2024-05-12,0.31591570148647324,36.085124752258224,0.2469965434906983,0.1
2024-05-13,0.2695788497869253,35.99037920280637,0.2469965434906983,0.0
2024-05-14,0.2792796128818156,38.56556630540459,0.2469965434906983,0.0
2024-05-15,0.22057435319966867,37.14521673024078,0.2469965434906983,0.0
2024-05-16,0.22762381637329654,41.13430915085555,0.2469965434906983,12.2
2024-05-17,0.2676309664267912,38.01249317462043,0.2469965434906983,0.3
2024-05-18,0.2850078638040474,39.581666166821336,0.2469965434906983,0.0
2024-05-19,0.2502135159729678,39.883413442657194,0.2469965434906983,7.7
2024-05-20,0.247558080976858,37.51391547242664,0.2469965434906983,0.1
2024-05-21,0.19614184315922906,41.61845180526008,0.2469965434906983,8.2
2024-05-22,0.22134653091953738,39.24950802257817,0.2469965434906983,0.0
2024-05-23,0.27256736999905373,41.643954210084324,0.2469965434906983,0.1
2024-05-24,0.2769023865634459,38.56078416867617,0.2469965434906983,0.0
2024-05-25,0.2755940162173761,41.17221093640912,0.2503743998669319,0.2
2024-05-26,0.2594202839165464,38.26113285447503,0.2503743998669319,0.0
2024-05-27,0.2530732957269501,39.02109885678182,0.2503743998669319,0.0
2024-05-28,0.22781074883651437,36.75913465772996,0.2503743998669319,0.0
2024-05-29,0.26780221935804305,38.38925717851119,0.2503743998669319,0.0
2024-05-30,0.2700747188610415,38.447579615374856,0.2503743998669319,0.0
2024-05-31,0.27324307533806036,39.099486494476494,0.2503743998669319,0.0
2024-06-01,0.4135617031080528,39.99409145848196,0.2503743998669319,0.0
2024-06-02,0.3987015087369223,41.559442902747165,0.2503743998669319,0.1
2024-06-03,0.508010797532456,40.284879926077664,0.2503743998669319,0.8
2024-06-04,0.48564392829944264,40.78487965934376,0.2503743998669319,0.4
2024-06-05,0.4654960267483236,40.726948046734854,0.2503743998669319,0.1
2024-06-06,0.5139205699414868,40.45452796329611,0.2503743998669319,0.0
2024-06-07,0.49045572858527653,41.496339152352185,0.2503743998669319,0.0
2024-06-08,0.5342344920172147,38.814842482007585,0.2503743998669319,8.8
2024-06-09,0.5318655558403488,41.45438816075615,0.2503743998669319,2.9
2024-06-10,0.5334845930641213,38.24009024706363,0.26923927368059236,14.9
2024-06-11,0.46223692802721766,41.954734410539736,0.26923927368059236,0.4
2024-06-12,0.5310891178966892,40.646025235324224,0.26923927368059236,0.0
2024-06-13,0.5184705039621917,43.91049988791298,0.26923927368059236,5.6
2024-06-14,0.4926164513150404,38.52886910705353,0.26923927368059236,0.1
2024-06-15,0.502803531751491,37.84662196577551,0.26923927368059236,0.0
2024-06-16,0.43867282637400606,43.195561129946164,0.26923927368059236,4.7
2024-06-17,0.4959046963140253,42.54428009766161,0.26923927368059236,0.1
2024-06-18,0.46274340610783504,41.483705629352215,0.26923927368059236,14.7
2024-06-19,0.44147956182782677,43.763115853398794,0.26923927368059236,34.4
2024-06-20,0.4291612970307218,43.0617699963109,0.26923927368059236,16.9
2024-06-21,0.5176924822338639,39.661119858295976,0.26923927368059236,14.4
2024-06-22,0.4832835258909115,40.86604240117024,0.26923927368059236,22.7
2024-06-23,0.5486655276143508,42.240897098156466,0.26923927368059236,18.4
2024-06-24,0.49584660707747485,41.309172835115334,0.26923927368059236,8.2
2024-06-25,0.4389964536074893,40.6706525116303,0.26923927368059236,3.0
2024-06-26,0.44262058068404364,43.869528603810636,0.19866403428584198,0.0
2024-06-27,0.5260395809054559,41.15358995387706,0.19866403428584198,21.3
2024-06-28,0.5023554380438534,43.07286756771694,0.19866403428584198,7.0
2024-06-29,0.48151657603598497,41.1644923778505,0.19866403428584198,12.4
2024-06-30,0.500055610715643,40.818174115969995,0.19866403428584198,13.4
2024-07-01,0.5175790789805569,43.50403619017782,0.19866403428584198,24.3
2024-07-02,0.5443826822507531,42.47201583046254,0.19866403428584198,12.6
2024-07-03,0.5640122777214783,40.28348920635398,0.19866403428584198,3.2
2024-07-04,0.5066117807138255,43.72620503855863,0.19866403428584198,15.0
2024-07-05,0.45557186520127635,44.35219115931599,0.19866403428584198,5.2
2024-07-06,0.4722002789210682,39.81980863579929,0.19866403428584198,3.4
2024-07-07,0.5007699014067215,40.647559531967644,0.19866403428584198,5.2
2024-07-08,0.46649940800464507,45.0,0.19866403428584198,13.3
2024-07-09,0.456449540380067,40.15860467502271,0.19866403428584198,10.4
2024-07-10,0.49896743796826604,42.018933727641354,0.19866403428584198,6.7
2024-07-11,0.49798739908551404,39.11427916817646,0.19866403428584198,10.7
2024-07-12,0.5005441145650598,41.99922287998966,0.39600489033838077,7.1
2024-07-13,0.47361589765501544,41.108095781386055,0.39600489033838077,38.5
2024-07-14,0.48402074429930275,41.327821585239654,0.39600489033838077,32.9
2024-07-15,0.46285806324040013,41.55886579219774,0.39600489033838077,12.6
2024-07-16,0.5200143633614875,43.327199096944106,0.39600489033838077,14.9
2024-07-17,0.5422380357237776,39.08936531962478,0.39600489033838077,10.2
2024-07-18,0.4480548355388,38.94244060151764,0.39600489033838077,12.2
2024-07-19,0.4518835705549056,41.77174215700692,0.39600489033838077,22.1
2024-07-20,0.43318654723831895,38.120712126911705,0.39600489033838077,45.3
2024-07-21,0.45720512646725425,41.35013968563698,0.39600489033838077,31.8
2024-07-22,0.4842412089975136,38.960054959493654,0.39600489033838077,61.6
2024-07-23,0.4445347800098055,43.18073602268092,0.39600489033838077,44.1
2024-07-24,0.4510953405435557,38.78965071933581,0.39600489033838077,30.4
2024-07-25,0.45019009414021427,43.90604660616243,0.39600489033838077,40.3
2024-07-26,0.49231138477102726,41.247819673759295,0.39600489033838077,28.9
2024-07-27,0.5001204672275769,43.4692337503069,0.39600489033838077,50.3
2024-07-28,0.47477532580146914,45.0,0.32127943850000107,26.6
2024-07-29,0.4986213282653197,45.0,0.32127943850000107,7.2
2024-07-30,0.4804525955190416,42.13085939131792,0.32127943850000107,11.3
2024-07-31,0.48462784979430057,45.0,0.32127943850000107,35.8
2024-08-01,0.553959178098739,41.69241210507585,0.32127943850000107,33.7
2024-08-02,0.5631038902422838,40.448179764505014,0.32127943850000107,35.5
2024-08-03,0.47344582378021915,41.01014073306671,0.32127943850000107,27.1
2024-08-04,0.5210743817598369,42.907692857021644,0.32127943850000107,15.7
2024-08-05,0.5347211939351568,39.452575069315756,0.32127943850000107,6.1
2024-08-06,0.47022714307420543,38.83268258663604,0.32127943850000107,7.0
2024-08-07,0.5197253604536817,38.430250464553865,0.32127943850000107,19.1
2024-08-08,0.5597452252805437,42.00416479590267,0.32127943850000107,22.0
2024-08-09,0.4786344993656086,40.29757425430083,0.32127943850000107,3.2
2024-08-10,0.4614777510741833,41.74978306261259,0.32127943850000107,5.9
2024-08-11,0.5240614766617775,37.381595719028645,0.32127943850000107,8.9
2024-08-12,0.516720778877431,39.685740639778736,0.32127943850000107,0.5
2024-08-13,0.5243179032966127,40.46167984478815,0.4652299142992716,0.2
2024-08-14,0.5192159935630012,38.06188586424315,0.4652299142992716,30.4
2024-08-15,0.5194391553013853,40.994258002979805,0.4652299142992716,23.4
2024-08-16,0.4594052220995276,38.26970332775473,0.4652299142992716,19.4
2024-08-17,0.524477686361609,41.44552400700196,0.4652299142992716,4.1
2024-08-18,0.5482789556434547,41.62312277490196,0.4652299142992716,3.5
2024-08-19,0.5064550106506555,40.56792078024367,0.4652299142992716,13.5
2024-08-20,0.5004148099517114,40.36050320274211,0.4652299142992716,5.3
2024-08-21,0.4465356803960631,36.807928883697905,0.4652299142992716,5.0
2024-08-22,0.5019596205794432,39.35522030328462,0.4652299142992716,35.7
2024-08-23,0.520609896633828,43.07860666644378,0.4652299142992716,23.9
2024-08-24,0.5040062833951724,33.908121869328916,0.4652299142992716,40.1
2024-08-25,0.5405542526140192,40.450942041607334,0.4652299142992716,35.1
2024-08-26,0.5004735726999079,38.43328721635118,0.4652299142992716,4.3
2024-08-27,0.5199032792162483,39.02127298405858,0.4652299142992716,0.8
2024-08-28,0.47028273191065045,40.460950858305715,0.4652299142992716,1.8
2024-08-29,0.49026049429259677,40.3769500544141,0.5446238762339208,3.8
2024-08-30,0.4909757492611797,39.551647850623006,0.5446238762339208,26.5
2024-08-31,0.5051785020497869,40.17915939830578,0.5446238762339208,23.8
2024-09-01,0.4886201081057685,40.22111088200746,0.5446238762339208,9.5
2024-09-02,0.4919844915832221,38.8670656302993,0.5446238762339208,2.8
2024-09-03,0.5265069984754194,38.52308136761677,0.5446238762339208,0.8
2024-09-04,0.49266535123928823,35.90383788033783,0.5446238762339208,13.9
2024-09-05,0.4415694068459326,39.53971282808452,0.5446238762339208,14.8
2024-09-06,0.5437062587009694,38.080896240287075,0.5446238762339208,13.6
2024-09-07,0.5614627703644579,39.11478730639955,0.5446238762339208,2.2
2024-09-08,0.47320963678064065,36.85397613855566,0.5446238762339208,5.4
2024-09-09,0.516102664217774,39.19463695295355,0.5446238762339208,18.9
2024-09-10,0.48722668229603516,33.66750788234991,0.5446238762339208,140.1
2024-09-11,0.5053900572253976,36.74529880149029,0.5446238762339208,6.6
2024-09-12,0.5119148616830915,39.76670913383843,0.5446238762339208,4.6
2024-09-13,0.4953701854938562,34.63820593687792,0.5446238762339208,4.3
2024-09-14,0.47117925735263294,33.266845393905164,0.5008124538640404,0.1
2024-09-15,0.46718484037472074,38.803921324929284,0.5008124538640404,0.1
2024-09-16,0.4580887350705727,34.86101288560339,0.5008124538640404,5.5
2024-09-17,0.45831284323310617,37.295854564808884,0.5008124538640404,4.5
2024-09-18,0.48514261281820437,38.597028833220264,0.5008124538640404,1.9
2024-09-19,0.470491184226585,38.01938061946911,0.5008124538640404,0.3
2024-09-20,0.5150191775679172,34.56346731572471,0.5008124538640404,5.0
2024-09-21,0.5565593687071325,38.24465587820069,0.5008124538640404,4.1
2024-09-22,0.4966659471641882,34.50136667939147,0.5008124538640404,8.5
2024-09-23,0.5073789416679946,38.327885862250916,0.5008124538640404,10.9
2024-09-24,0.5197026613610011,39.77882679858646,0.5008124538640404,4.0
2024-09-25,0.5224308778904749,31.01807154525315,0.5008124538640404,13.6
2024-09-26,0.5093876977442056,36.80593622938031,0.5008124538640404,21.3
2024-09-27,0.5288101939658518,32.61880045648322,0.5008124538640404,36.9
2024-09-28,0.5255217715335785,31.35207070471295,0.5008124538640404,0.7
2024-09-29,0.46433834667861806,36.22057520012044,0.5008124538640404,2.0
2024-09-30,0.51972196625721,35.48429356252587,0.447813000108563,1.0
2024-10-01,0.361971769181499,28.466403179390507,0.447813000108563,0.3
2024-10-02,0.25687651710819936,31.146116179512674,0.447813000108563,0.0
2024-10-03,0.2533907793731259,31.632763415376115,0.447813000108563,0.0
2024-10-04,0.27493374856032515,31.372412550438533,0.447813000108563,0.0
2024-10-05,0.2501541408828199,32.489018647243896,0.447813000108563,0.0
2024-10-06,0.2876004739366564,31.38585108345693,0.447813000108563,0.0
2024-10-07,0.34401567949267453,34.29708167773889,0.447813000108563,0.0
2024-10-08,0.25069519270557794,33.025258636243,0.447813000108563,1.3
2024-10-09,0.20187199670129125,32.57610081441367,0.447813000108563,5.1
2024-10-10,0.24619524985655802,34.333023967232954,0.447813000108563,0.1
2024-10-11,0.2741132626363824,34.558857271690144,0.447813000108563,1.0
2024-10-12,0.2491536557063478,29.44152158699661,0.447813000108563,1.3
2024-10-13,0.3006102199281405,28.513803969588558,0.447813000108563,4.5
2024-10-14,0.2183318629881284,30.680326419080323,0.447813000108563,0.2
2024-10-15,0.2647517107025449,33.706999678433554,0.447813000108563,0.0
2024-10-16,0.23322038448420218,27.678231966930994,0.39212119526411143,0.5
2024-10-17,0.305144342062516,29.787235850338217,0.39212119526411143,3.0
2024-10-18,0.33628133997963894,30.307475532364823,0.39212119526411143,2.7
2024-10-19,0.2490514214214745,31.276004413213847,0.39212119526411143,9.7
2024-10-20,0.23048092666964204,31.38105418871801,0.39212119526411143,3.4
2024-10-21,0.2742298540451857,32.6383904075979,0.39212119526411143,3.1
2024-10-22,0.2437193834709227,26.990233054056915,0.39212119526411143,0.0
2024-10-23,0.24652642241364847,30.416347108303658,0.39212119526411143,0.0
2024-10-24,0.2498465214430789,30.97447696682408,0.39212119526411143,0.0
2024-10-25,0.1827653959660057,28.81895359142635,0.39212119526411143,0.0
2024-10-26,0.2293452976765034,29.521816946575232,0.39212119526411143,0.0
2024-10-27,0.21966311721070492,29.787436689692708,0.39212119526411143,0.0
2024-10-28,0.22363963637921946,27.39490549787896,0.39212119526411143,1.3
2024-10-29,0.29261901103517435,26.453185399413993,0.39212119526411143,0.0
2024-10-30,0.21880796201077832,29.283487598224635,0.39212119526411143,0.0
2024-10-31,0.2691045701394127,26.33653218839719,0.39212119526411143,0.0
2024-11-01,0.2459676684802105,28.70583282257641,0.43021766418649315,0.0
2024-11-02,0.23899869464670892,27.42027392699175,0.43021766418649315,0.0
2024-11-03,0.27436262475582257,29.29456416019917,0.43021766418649315,0.0
2024-11-04,0.26921058273665793,27.542212579924357,0.43021766418649315,0.0
2024-11-05,0.2757346297236809,25.663180596611227,0.43021766418649315,0.0
2024-11-06,0.2916068520357544,30.51329341843296,0.43021766418649315,0.0
2024-11-07,0.25088626219931,26.706852168908416,0.43021766418649315,0.0
2024-11-08,0.22883759295202172,29.159057186727082,0.43021766418649315,0.0
2024-11-09,0.20567100945608358,26.65129604748814,0.43021766418649315,0.0
2024-11-10,0.20781193428756164,28.201987887554075,0.43021766418649315,0.0
2024-11-11,0.34056188517207386,24.51099362549155,0.43021766418649315,0.0
2024-11-12,0.3207323508774097,26.125258414213217,0.43021766418649315,0.0
2024-11-13,0.22393210244594214,24.937696546566105,0.43021766418649315,0.0
2024-11-14,0.19589360224775768,23.04840416474978,0.43021766418649315,0.0
2024-11-15,0.2506333928344745,22.4571481436263,0.43021766418649315,0.0
2024-11-16,0.26934428575857117,29.182613136221743,0.43021766418649315,0.0
2024-11-17,0.2750142199636791,23.39247210914401,0.41649391078858283,0.0
2024-11-18,0.2485808132147243,25.311952290091185,0.41649391078858283,0.0
2024-11-19,0.24518334486431576,28.0376927986888,0.41649391078858283,0.0
2024-11-20,0.26003078680487224,26.87023680098206,0.41649391078858283,0.0
2024-11-21,0.25601549126172823,25.38297135518575,0.41649391078858283,0.0
2024-11-22,0.17412913433235472,25.05045095361319,0.41649391078858283,0.0
2024-11-23,0.2191957532295746,27.881235011824206,0.41649391078858283,0.0
2024-11-24,0.2109595007697614,24.304825052701617,0.41649391078858283,0.0
2024-11-25,0.24442024989272632,24.086009044928655,0.41649391078858283,0.0
2024-11-26,0.35281014005893724,25.43502970574499,0.41649391078858283,0.0
2024-11-27,0.2937049003092818,23.841417649989996,0.41649391078858283,0.0
2024-11-28,0.2521379310767506,26.55265361748944,0.41649391078858283,0.0
2024-11-29,0.28290443189222897,21.50110051695944,0.41649391078858283,0.0
2024-11-30,0.2767654056199911,22.60175157167675,0.41649391078858283,0.0
2024-12-01,0.2727329288518118,27.082329819089473,0.41649391078858283,0.0
2024-12-02,0.278059649418092,23.1793944823828,0.41649391078858283,0.3
2024-12-03,0.33039691959446155,25.153162352173904,0.265989277969942,1.6
2024-12-04,0.2345379806419314,24.225540536813096,0.265989277969942,0.2
2024-12-05,0.2619385168809803,24.30594122325515,0.265989277969942,0.0
2024-12-06,0.22115821551494025,21.592732291989638,0.265989277969942,0.0
2024-12-07,0.26079040727646075,24.246903766570725,0.265989277969942,0.0
2024-12-08,0.22108309428092493,24.91394563931701,0.265989277969942,0.3
2024-12-09,0.22671708980809951,26.03896414030088,0.265989277969942,0.1
2024-12-10,0.2326869799441031,23.927497195040274,0.265989277969942,0.0
2024-12-11,0.27895967916029574,23.722511046430043,0.265989277969942,0.0
2024-12-12,0.29083380928607316,21.707968670457596,0.265989277969942,0.0
2024-12-13,0.2186500346101985,23.877904376338662,0.265989277969942,0.0
2024-12-14,0.24251770426805425,18.842172930743764,0.265989277969942,0.0
2024-12-15,0.22292001636419523,24.247181633494264,0.265989277969942,0.0
2024-12-16,0.19782833303562186,24.179539624092353,0.265989277969942,0.0
2024-12-17,0.22675290314583357,25.251462477998448,0.265989277969942,0.0
2024-12-18,0.23222897334779638,20.416188962772726,0.265989277969942,0.0
2024-12-19,0.3296037690264322,21.23097265334685,0.23522097398827368,0.0
2024-12-20,0.289034724595554,20.08730076529821,0.23522097398827368,0.1
2024-12-21,0.21349380485226788,26.199971746827934,0.23522097398827368,1.3
2024-12-22,0.21928105130969736,21.396251650748102,0.23522097398827368,0.0
2024-12-23,0.27653273073293816,23.794110228460923,0.23522097398827368,0.0
2024-12-24,0.3310553162703288,22.346303699627306,0.23522097398827368,0.0
2024-12-25,0.21880717895277008,21.285715412582913,0.23522097398827368,0.0
2024-12-26,0.17484480020596443,26.072176721205125,0.23522097398827368,0.0
2024-12-27,0.2929372211998017,24.036793376341198,0.23522097398827368,0.0
2024-12-28,0.2765176625679221,23.172293136754,0.23522097398827368,0.7
2024-12-29,0.22756505315470377,22.709507026393087,0.23522097398827368,0.1
2024-12-30,0.26198153396069634,23.498064199523014,0.23522097398827368,0.0
2024-12-31,0.16134328932261816,22.708300290184493,0.23522097398827368,0.0
