{
"type": "FeatureCollection",
"name": "training_labels",
"crs": { "type": "name", "properties": { "name": "urn:ogc:def:crs:OGC:1.3:CRS84" } },
"features": [
{ "type": "Feature", "properties": { "lat": 21.816464305173223, "lon": 80.174008961510808, "label": 1, "type": "positive", "near_mine": "Balaghat Mine" }, "geometry": { "type": "Point", "coordinates": [ 80.174008961510808, 21.816464305173223 ] } },
{ "type": "Feature", "properties": { "lat": 21.804251112489169, "lon": 80.193200157869597, "label": 1, "type": "positive", "near_mine": "Balaghat Mine" }, "geometry": { "type": "Point", "coordinates": [ 80.193200157869597, 21.804251112489169 ] } },
{ "type": "Feature", "properties": { "lat": 21.828179871612747, "lon": 80.18991980842091, "label": 1, "type": "positive", "near_mine": "Balaghat Mine" }, "geometry": { "type": "Point", "coordinates": [ 80.18991980842091, 21.828179871612747 ] } },
{ "type": "Feature", "properties": { "lat": 21.804047845680046, "lon": 80.187937553495942, "label": 1, "type": "positive", "near_mine": "Balaghat Mine" }, "geometry": { "type": "Point", "coordinates": [ 80.187937553495942, 21.804047845680046 ] } },
{ "type": "Feature", "properties": { "lat": 21.822911022951466, "lon": 80.193914496990885, "label": 1, "type": "positive", "near_mine": "Balaghat Mine" }, "geometry": { "type": "Point", "coordinates": [ 80.193914496990885, 21.822911022951466 ] } },
{ "type": "Feature", "properties": { "lat": 21.804467851862295, "lon": 80.165873448378349, "label": 1, "type": "positive", "near_mine": "Balaghat Mine" }, "geometry": { "type": "Point", "coordinates": [ 80.165873448378349, 21.804467851862295 ] } },
{ "type": "Feature", "properties": { "lat": 21.816594387256163, "lon": 80.182863973403784, "label": 1, "type": "positive", "near_mine": "Balaghat Mine" }, "geometry": { "type": "Point", "coordinates": [ 80.182863973403784, 21.816594387256163 ] } },
{ "type": "Feature", "properties": { "lat": 21.831325646906169, "lon": 80.17147291794906, "label": 1, "type": "positive", "near_mine": "Balaghat Mine" }, "geometry": { "type": "Point", "coordinates": [ 80.17147291794906, 21.831325646906169 ] } },
{ "type": "Feature", "properties": { "lat": 21.838879510784544, "lon": 80.178972108389942, "label": 1, "type": "positive", "near_mine": "Balaghat Mine" }, "geometry": { "type": "Point", "coordinates": [ 80.178972108389942, 21.838879510784544 ] } },
{ "type": "Feature", "properties": { "lat": 21.811533842287496, "lon": 80.199124901054532, "label": 1, "type": "positive", "near_mine": "Balaghat Mine" }, "geometry": { "type": "Point", "coordinates": [ 80.199124901054532, 21.811533842287496 ] } },
{ "type": "Feature", "properties": { "lat": 21.809854376236601, "lon": 80.177319192057027, "label": 1, "type": "positive", "near_mine": "Balaghat Mine" }, "geometry": { "type": "Point", "coordinates": [ 80.177319192057027, 21.809854376236601 ] } },
{ "type": "Feature", "properties": { "lat": 21.814662530366665, "lon": 80.190855960273879, "label": 1, "type": "positive", "near_mine": "Balaghat Mine" }, "geometry": { "type": "Point", "coordinates": [ 80.190855960273879, 21.814662530366665 ] } },
{ "type": "Feature", "properties": { "lat": 21.820114612682683, "lon": 80.171658001948629, "label": 1, "type": "positive", "near_mine": "Balaghat Mine" }, "geometry": { "type": "Point", "coordinates": [ 80.171658001948629, 21.820114612682683 ] } },
{ "type": "Feature", "properties": { "lat": 21.82590586073648, "lon": 80.201242649950089, "label": 1, "type": "positive", "near_mine": "Balaghat Mine" }, "geometry": { "type": "Point", "coordinates": [ 80.201242649950089, 21.82590586073648 ] } },
{ "type": "Feature", "properties": { "lat": 21.822318674585265, "lon": 80.187153926162566, "label": 1, "type": "positive", "near_mine": "Balaghat Mine" }, "geometry": { "type": "Point", "coordinates": [ 80.187153926162566, 21.822318674585265 ] } },
{ "type": "Feature", "properties": { "lat": 21.811213036955529, "lon": 80.17298247750837, "label": 1, "type": "positive", "near_mine": "Balaghat Mine" }, "geometry": { "type": "Point", "coordinates": [ 80.17298247750837, 21.811213036955529 ] } },
{ "type": "Feature", "properties": { "lat": 21.82270437277586, "lon": 80.184026483888715, "label": 1, "type": "positive", "near_mine": "Balaghat Mine" }, "geometry": { "type": "Point", "coordinates": [ 80.184026483888715, 21.82270437277586 ] } },
{ "type": "Feature", "properties": { "lat": 21.816978241089888, "lon": 80.187935131836696, "label": 1, "type": "positive", "near_mine": "Balaghat Mine" }, "geometry": { "type": "Point", "coordinates": [ 80.187935131836696, 21.816978241089888 ] } },
{ "type": "Feature", "properties": { "lat": 21.799521629527561, "lon": 80.172397167837886, "label": 1, "type": "positive", "near_mine": "Balaghat Mine" }, "geometry": { "type": "Point", "coordinates": [ 80.172397167837886, 21.799521629527561 ] } },
{ "type": "Feature", "properties": { "lat": 21.818584948794811, "lon": 80.191726962074227, "label": 1, "type": "positive", "near_mine": "Balaghat Mine" }, "geometry": { "type": "Point", "coordinates": [ 80.191726962074227, 21.818584948794811 ] } },
{ "type": "Feature", "properties": { "lat": 21.750314881052162, "lon": 80.160561413410093, "label": 1, "type": "positive", "near_mine": "Ukwa Mine" }, "geometry": { "type": "Point", "coordinates": [ 80.160561413410093, 21.750314881052162 ] } },
{ "type": "Feature", "properties": { "lat": 21.742115545522712, "lon": 80.163688272501815, "label": 1, "type": "positive", "near_mine": "Ukwa Mine" }, "geometry": { "type": "Point", "coordinates": [ 80.163688272501815, 21.742115545522712 ] } },
{ "type": "Feature", "properties": { "lat": 21.761447928648586, "lon": 80.179212202496345, "label": 1, "type": "positive", "near_mine": "Ukwa Mine" }, "geometry": { "type": "Point", "coordinates": [ 80.179212202496345, 21.761447928648586 ] } },
{ "type": "Feature", "properties": { "lat": 21.75792939477358, "lon": 80.164988379455295, "label": 1, "type": "positive", "near_mine": "Ukwa Mine" }, "geometry": { "type": "Point", "coordinates": [ 80.164988379455295, 21.75792939477358 ] } },
{ "type": "Feature", "properties": { "lat": 21.750451897323384, "lon": 80.165811439446756, "label": 1, "type": "positive", "near_mine": "Ukwa Mine" }, "geometry": { "type": "Point", "coordinates": [ 80.165811439446756, 21.750451897323384 ] } },
{ "type": "Feature", "properties": { "lat": 21.754217754051215, "lon": 80.15533613830064, "label": 1, "type": "positive", "near_mine": "Ukwa Mine" }, "geometry": { "type": "Point", "coordinates": [ 80.15533613830064, 21.754217754051215 ] } },
{ "type": "Feature", "properties": { "lat": 21.754145432965547, "lon": 80.171040759914561, "label": 1, "type": "positive", "near_mine": "Ukwa Mine" }, "geometry": { "type": "Point", "coordinates": [ 80.171040759914561, 21.754145432965547 ] } },
{ "type": "Feature", "properties": { "lat": 21.754202752324424, "lon": 80.166710718708813, "label": 1, "type": "positive", "near_mine": "Ukwa Mine" }, "geometry": { "type": "Point", "coordinates": [ 80.166710718708813, 21.754202752324424 ] } },
{ "type": "Feature", "properties": { "lat": 21.754058424980183, "lon": 80.157324441473392, "label": 1, "type": "positive", "near_mine": "Ukwa Mine" }, "geometry": { "type": "Point", "coordinates": [ 80.157324441473392, 21.754058424980183 ] } },
{ "type": "Feature", "properties": { "lat": 21.754963880163604, "lon": 80.166424966715937, "label": 1, "type": "positive", "near_mine": "Ukwa Mine" }, "geometry": { "type": "Point", "coordinates": [ 80.166424966715937, 21.754963880163604 ] } },
{ "type": "Feature", "properties": { "lat": 21.750526200921954, "lon": 80.179462681270365, "label": 1, "type": "positive", "near_mine": "Ukwa Mine" }, "geometry": { "type": "Point", "coordinates": [ 80.179462681270365, 21.750526200921954 ] } },
{ "type": "Feature", "properties": { "lat": 21.745661005717874, "lon": 80.167210130556569, "label": 1, "type": "positive", "near_mine": "Ukwa Mine" }, "geometry": { "type": "Point", "coordinates": [ 80.167210130556569, 21.745661005717874 ] } },
{ "type": "Feature", "properties": { "lat": 21.75685395767168, "lon": 80.165441134055612, "label": 1, "type": "positive", "near_mine": "Ukwa Mine" }, "geometry": { "type": "Point", "coordinates": [ 80.165441134055612, 21.75685395767168 ] } },
{ "type": "Feature", "properties": { "lat": 21.756486828219838, "lon": 80.173754964149666, "label": 1, "type": "positive", "near_mine": "Ukwa Mine" }, "geometry": { "type": "Point", "coordinates": [ 80.173754964149666, 21.756486828219838 ] } },
{ "type": "Feature", "properties": { "lat": 21.775943366355978, "lon": 80.168533287672929, "label": 1, "type": "positive", "near_mine": "Ukwa Mine" }, "geometry": { "type": "Point", "coordinates": [ 80.168533287672929, 21.775943366355978 ] } },
{ "type": "Feature", "properties": { "lat": 21.75666682484276, "lon": 80.147771023660113, "label": 1, "type": "positive", "near_mine": "Ukwa Mine" }, "geometry": { "type": "Point", "coordinates": [ 80.147771023660113, 21.75666682484276 ] } },
{ "type": "Feature", "properties": { "lat": 21.736797920196842, "lon": 80.172230019537579, "label": 1, "type": "positive", "near_mine": "Ukwa Mine" }, "geometry": { "type": "Point", "coordinates": [ 80.172230019537579, 21.736797920196842 ] } },
{ "type": "Feature", "properties": { "lat": 21.741161705881538, "lon": 80.163453544478131, "label": 1, "type": "positive", "near_mine": "Ukwa Mine" }, "geometry": { "type": "Point", "coordinates": [ 80.163453544478131, 21.741161705881538 ] } },
{ "type": "Feature", "properties": { "lat": 21.744060081293334, "lon": 80.179505201325327, "label": 1, "type": "positive", "near_mine": "Ukwa Mine" }, "geometry": { "type": "Point", "coordinates": [ 80.179505201325327, 21.744060081293334 ] } },
{ "type": "Feature", "properties": { "lat": 21.763661282981381, "lon": 80.176219585559224, "label": 1, "type": "positive", "near_mine": "Ukwa Mine" }, "geometry": { "type": "Point", "coordinates": [ 80.176219585559224, 21.763661282981381 ] } },
{ "type": "Feature", "properties": { "lat": 21.679508516592175, "lon": 79.712938086570418, "label": 1, "type": "positive", "near_mine": "Tirodi Mine" }, "geometry": { "type": "Point", "coordinates": [ 79.712938086570418, 21.679508516592175 ] } },
{ "type": "Feature", "properties": { "lat": 21.673320795469575, "lon": 79.7097049711777, "label": 1, "type": "positive", "near_mine": "Tirodi Mine" }, "geometry": { "type": "Point", "coordinates": [ 79.7097049711777, 21.673320795469575 ] } },
{ "type": "Feature", "properties": { "lat": 21.681693251116304, "lon": 79.737427250174505, "label": 1, "type": "positive", "near_mine": "Tirodi Mine" }, "geometry": { "type": "Point", "coordinates": [ 79.737427250174505, 21.681693251116304 ] } },
{ "type": "Feature", "properties": { "lat": 21.677048181979654, "lon": 79.715707477463994, "label": 1, "type": "positive", "near_mine": "Tirodi Mine" }, "geometry": { "type": "Point", "coordinates": [ 79.715707477463994, 21.677048181979654 ] } },
{ "type": "Feature", "properties": { "lat": 21.68332951874623, "lon": 79.711848799694991, "label": 1, "type": "positive", "near_mine": "Tirodi Mine" }, "geometry": { "type": "Point", "coordinates": [ 79.711848799694991, 21.68332951874623 ] } },
{ "type": "Feature", "properties": { "lat": 21.68189558727439, "lon": 79.721614127272318, "label": 1, "type": "positive", "near_mine": "Tirodi Mine" }, "geometry": { "type": "Point", "coordinates": [ 79.721614127272318, 21.68189558727439 ] } },
{ "type": "Feature", "properties": { "lat": 21.680517059388809, "lon": 79.728951251760563, "label": 1, "type": "positive", "near_mine": "Tirodi Mine" }, "geometry": { "type": "Point", "coordinates": [ 79.728951251760563, 21.680517059388809 ] } },
{ "type": "Feature", "properties": { "lat": 21.663380944181188, "lon": 79.712687820776537, "label": 1, "type": "positive", "near_mine": "Tirodi Mine" }, "geometry": { "type": "Point", "coordinates": [ 79.712687820776537, 21.663380944181188 ] } },
{ "type": "Feature", "properties": { "lat": 21.676513724407265, "lon": 79.735445329087909, "label": 1, "type": "positive", "near_mine": "Tirodi Mine" }, "geometry": { "type": "Point", "coordinates": [ 79.735445329087909, 21.676513724407265 ] } },
{ "type": "Feature", "properties": { "lat": 21.67018936317184, "lon": 79.722516150954235, "label": 1, "type": "positive", "near_mine": "Tirodi Mine" }, "geometry": { "type": "Point", "coordinates": [ 79.722516150954235, 21.67018936317184 ] } },
{ "type": "Feature", "properties": { "lat": 21.686067278261113, "lon": 79.713933456256967, "label": 1, "type": "positive", "near_mine": "Tirodi Mine" }, "geometry": { "type": "Point", "coordinates": [ 79.713933456256967, 21.686067278261113 ] } },
{ "type": "Feature", "properties": { "lat": 21.67594708316803, "lon": 79.714878205097989, "label": 1, "type": "positive", "near_mine": "Tirodi Mine" }, "geometry": { "type": "Point", "coordinates": [ 79.714878205097989, 21.67594708316803 ] } },
{ "type": "Feature", "properties": { "lat": 21.685814785059929, "lon": 79.720143820111431, "label": 1, "type": "positive", "near_mine": "Tirodi Mine" }, "geometry": { "type": "Point", "coordinates": [ 79.720143820111431, 21.685814785059929 ] } },
{ "type": "Feature", "properties": { "lat": 21.688605829401656, "lon": 79.70335379308618, "label": 1, "type": "positive", "near_mine": "Tirodi Mine" }, "geometry": { "type": "Point", "coordinates": [ 79.70335379308618, 21.688605829401656 ] } },
{ "type": "Feature", "properties": { "lat": 21.686537785209143, "lon": 79.708234104723886, "label": 1, "type": "positive", "near_mine": "Tirodi Mine" }, "geometry": { "type": "Point", "coordinates": [ 79.708234104723886, 21.686537785209143 ] } },
{ "type": "Feature", "properties": { "lat": 21.708605396885162, "lon": 79.717263793711425, "label": 1, "type": "positive", "near_mine": "Tirodi Mine" }, "geometry": { "type": "Point", "coordinates": [ 79.717263793711425, 21.708605396885162 ] } },
{ "type": "Feature", "properties": { "lat": 21.68491095498857, "lon": 79.716350933813473, "label": 1, "type": "positive", "near_mine": "Tirodi Mine" }, "geometry": { "type": "Point", "coordinates": [ 79.716350933813473, 21.68491095498857 ] } },
{ "type": "Feature", "properties": { "lat": 21.713677206408473, "lon": 79.718879921544215, "label": 1, "type": "positive", "near_mine": "Tirodi Mine" }, "geometry": { "type": "Point", "coordinates": [ 79.718879921544215, 21.713677206408473 ] } },
{ "type": "Feature", "properties": { "lat": 21.684973645154056, "lon": 79.720814750022711, "label": 1, "type": "positive", "near_mine": "Tirodi Mine" }, "geometry": { "type": "Point", "coordinates": [ 79.720814750022711, 21.684973645154056 ] } },
{ "type": "Feature", "properties": { "lat": 21.694196755928559, "lon": 79.719068225594185, "label": 1, "type": "positive", "near_mine": "Tirodi Mine" }, "geometry": { "type": "Point", "coordinates": [ 79.719068225594185, 21.694196755928559 ] } },
{ "type": "Feature", "properties": { "lat": 21.220001958929604, "lon": 79.165991597582632, "label": 1, "type": "positive", "near_mine": "Kandri Mine" }, "geometry": { "type": "Point", "coordinates": [ 79.165991597582632, 21.220001958929604 ] } },
{ "type": "Feature", "properties": { "lat": 21.200089436183035, "lon": 79.166018532305756, "label": 1, "type": "positive", "near_mine": "Kandri Mine" }, "geometry": { "type": "Point", "coordinates": [ 79.166018532305756, 21.200089436183035 ] } },
{ "type": "Feature", "properties": { "lat": 21.233058555628524, "lon": 79.163245308479375, "label": 1, "type": "positive", "near_mine": "Kandri Mine" }, "geometry": { "type": "Point", "coordinates": [ 79.163245308479375, 21.233058555628524 ] } },
{ "type": "Feature", "properties": { "lat": 21.223252513665805, "lon": 79.178226134548368, "label": 1, "type": "positive", "near_mine": "Kandri Mine" }, "geometry": { "type": "Point", "coordinates": [ 79.178226134548368, 21.223252513665805 ] } },
{ "type": "Feature", "properties": { "lat": 21.227365187503409, "lon": 79.154209140346637, "label": 1, "type": "positive", "near_mine": "Kandri Mine" }, "geometry": { "type": "Point", "coordinates": [ 79.154209140346637, 21.227365187503409 ] } },
{ "type": "Feature", "properties": { "lat": 21.214747892106178, "lon": 79.163342948758569, "label": 1, "type": "positive", "near_mine": "Kandri Mine" }, "geometry": { "type": "Point", "coordinates": [ 79.163342948758569, 21.214747892106178 ] } },
{ "type": "Feature", "properties": { "lat": 21.222215727226054, "lon": 79.164319509059055, "label": 1, "type": "positive", "near_mine": "Kandri Mine" }, "geometry": { "type": "Point", "coordinates": [ 79.164319509059055, 21.222215727226054 ] } },
{ "type": "Feature", "properties": { "lat": 21.22375200885168, "lon": 79.154466925565515, "label": 1, "type": "positive", "near_mine": "Kandri Mine" }, "geometry": { "type": "Point", "coordinates": [ 79.154466925565515, 21.22375200885168 ] } },
{ "type": "Feature", "properties": { "lat": 21.22319283673864, "lon": 79.173345514326783, "label": 1, "type": "positive", "near_mine": "Kandri Mine" }, "geometry": { "type": "Point", "coordinates": [ 79.173345514326783, 21.22319283673864 ] } },
{ "type": "Feature", "properties": { "lat": 21.209104759924372, "lon": 79.193311510915564, "label": 1, "type": "positive", "near_mine": "Kandri Mine" }, "geometry": { "type": "Point", "coordinates": [ 79.193311510915564, 21.209104759924372 ] } },
{ "type": "Feature", "properties": { "lat": 21.222258487009171, "lon": 79.154444888874295, "label": 1, "type": "positive", "near_mine": "Kandri Mine" }, "geometry": { "type": "Point", "coordinates": [ 79.154444888874295, 21.222258487009171 ] } },
{ "type": "Feature", "properties": { "lat": 21.205359397021937, "lon": 79.174756800132926, "label": 1, "type": "positive", "near_mine": "Kandri Mine" }, "geometry": { "type": "Point", "coordinates": [ 79.174756800132926, 21.205359397021937 ] } },
{ "type": "Feature", "properties": { "lat": 21.217894102007747, "lon": 79.179416241334309, "label": 1, "type": "positive", "near_mine": "Kandri Mine" }, "geometry": { "type": "Point", "coordinates": [ 79.179416241334309, 21.217894102007747 ] } },
{ "type": "Feature", "properties": { "lat": 21.227881884402588, "lon": 79.157653411873795, "label": 1, "type": "positive", "near_mine": "Kandri Mine" }, "geometry": { "type": "Point", "coordinates": [ 79.157653411873795, 21.227881884402588 ] } },
{ "type": "Feature", "properties": { "lat": 21.206474456719885, "lon": 79.160149722530178, "label": 1, "type": "positive", "near_mine": "Kandri Mine" }, "geometry": { "type": "Point", "coordinates": [ 79.160149722530178, 21.206474456719885 ] } },
{ "type": "Feature", "properties": { "lat": 21.233066297038061, "lon": 79.152606800161962, "label": 1, "type": "positive", "near_mine": "Kandri Mine" }, "geometry": { "type": "Point", "coordinates": [ 79.152606800161962, 21.233066297038061 ] } },
{ "type": "Feature", "properties": { "lat": 21.208088032414857, "lon": 79.170098229754657, "label": 1, "type": "positive", "near_mine": "Kandri Mine" }, "geometry": { "type": "Point", "coordinates": [ 79.170098229754657, 21.208088032414857 ] } },
{ "type": "Feature", "properties": { "lat": 21.223445715464774, "lon": 79.182028902622989, "label": 1, "type": "positive", "near_mine": "Kandri Mine" }, "geometry": { "type": "Point", "coordinates": [ 79.182028902622989, 21.223445715464774 ] } },
{ "type": "Feature", "properties": { "lat": 21.21174723011508, "lon": 79.169655399369418, "label": 1, "type": "positive", "near_mine": "Kandri Mine" }, "geometry": { "type": "Point", "coordinates": [ 79.169655399369418, 21.21174723011508 ] } },
{ "type": "Feature", "properties": { "lat": 21.212645592435305, "lon": 79.179362600390277, "label": 1, "type": "positive", "near_mine": "Kandri Mine" }, "geometry": { "type": "Point", "coordinates": [ 79.179362600390277, 21.212645592435305 ] } },
{ "type": "Feature", "properties": { "lat": 21.637810825415265, "lon": 79.751292433051802, "label": 1, "type": "positive", "near_mine": "Munsar Mine" }, "geometry": { "type": "Point", "coordinates": [ 79.751292433051802, 21.637810825415265 ] } },
{ "type": "Feature", "properties": { "lat": 21.65883445080641, "lon": 79.744205391708476, "label": 1, "type": "positive", "near_mine": "Munsar Mine" }, "geometry": { "type": "Point", "coordinates": [ 79.744205391708476, 21.65883445080641 ] } },
{ "type": "Feature", "properties": { "lat": 21.656160647672664, "lon": 79.752905552451779, "label": 1, "type": "positive", "near_mine": "Munsar Mine" }, "geometry": { "type": "Point", "coordinates": [ 79.752905552451779, 21.656160647672664 ] } },
{ "type": "Feature", "properties": { "lat": 21.659760929436953, "lon": 79.76566766071646, "label": 1, "type": "positive", "near_mine": "Munsar Mine" }, "geometry": { "type": "Point", "coordinates": [ 79.76566766071646, 21.659760929436953 ] } },
{ "type": "Feature", "properties": { "lat": 21.630208846112435, "lon": 79.757545215679798, "label": 1, "type": "positive", "near_mine": "Munsar Mine" }, "geometry": { "type": "Point", "coordinates": [ 79.757545215679798, 21.630208846112435 ] } },
{ "type": "Feature", "properties": { "lat": 21.665742611061376, "lon": 79.765894477556202, "label": 1, "type": "positive", "near_mine": "Munsar Mine" }, "geometry": { "type": "Point", "coordinates": [ 79.765894477556202, 21.665742611061376 ] } },
{ "type": "Feature", "properties": { "lat": 21.658062557673208, "lon": 79.752550230378475, "label": 1, "type": "positive", "near_mine": "Munsar Mine" }, "geometry": { "type": "Point", "coordinates": [ 79.752550230378475, 21.658062557673208 ] } },
{ "type": "Feature", "properties": { "lat": 21.64762972790043, "lon": 79.768892393675003, "label": 1, "type": "positive", "near_mine": "Munsar Mine" }, "geometry": { "type": "Point", "coordinates": [ 79.768892393675003, 21.64762972790043 ] } },
{ "type": "Feature", "properties": { "lat": 21.650640496151517, "lon": 79.742479796402208, "label": 1, "type": "positive", "near_mine": "Munsar Mine" }, "geometry": { "type": "Point", "coordinates": [ 79.742479796402208, 21.650640496151517 ] } },
{ "type": "Feature", "properties": { "lat": 21.654198470082758, "lon": 79.72538419619319, "label": 1, "type": "positive", "near_mine": "Munsar Mine" }, "geometry": { "type": "Point", "coordinates": [ 79.72538419619319, 21.654198470082758 ] } },
{ "type": "Feature", "properties": { "lat": 21.647973692991968, "lon": 79.749544473794515, "label": 1, "type": "positive", "near_mine": "Munsar Mine" }, "geometry": { "type": "Point", "coordinates": [ 79.749544473794515, 21.647973692991968 ] } },
{ "type": "Feature", "properties": { "lat": 21.664323265227502, "lon": 79.742965763098326, "label": 1, "type": "positive", "near_mine": "Munsar Mine" }, "geometry": { "type": "Point", "coordinates": [ 79.742965763098326, 21.664323265227502 ] } },
{ "type": "Feature", "properties": { "lat": 21.641658518737323, "lon": 79.756953846467184, "label": 1, "type": "positive", "near_mine": "Munsar Mine" }, "geometry": { "type": "Point", "coordinates": [ 79.756953846467184, 21.641658518737323 ] } },
{ "type": "Feature", "properties": { "lat": 21.631485147267234, "lon": 79.755620048900738, "label": 1, "type": "positive", "near_mine": "Munsar Mine" }, "geometry": { "type": "Point", "coordinates": [ 79.755620048900738, 21.631485147267234 ] } },
{ "type": "Feature", "properties": { "lat": 21.641295489910071, "lon": 79.76194844605449, "label": 1, "type": "positive", "near_mine": "Munsar Mine" }, "geometry": { "type": "Point", "coordinates": [ 79.76194844605449, 21.641295489910071 ] } },
{ "type": "Feature", "properties": { "lat": 21.653137976625313, "lon": 79.751407727935955, "label": 1, "type": "positive", "near_mine": "Munsar Mine" }, "geometry": { "type": "Point", "coordinates": [ 79.751407727935955, 21.653137976625313 ] } },
{ "type": "Feature", "properties": { "lat": 21.637220857507014, "lon": 79.745031769119564, "label": 1, "type": "positive", "near_mine": "Munsar Mine" }, "geometry": { "type": "Point", "coordinates": [ 79.745031769119564, 21.637220857507014 ] } },
{ "type": "Feature", "properties": { "lat": 21.666576702859054, "lon": 79.75029971550164, "label": 1, "type": "positive", "near_mine": "Munsar Mine" }, "geometry": { "type": "Point", "coordinates": [ 79.75029971550164, 21.666576702859054 ] } },
{ "type": "Feature", "properties": { "lat": 21.650568324163057, "lon": 79.7548754610701, "label": 1, "type": "positive", "near_mine": "Munsar Mine" }, "geometry": { "type": "Point", "coordinates": [ 79.7548754610701, 21.650568324163057 ] } },
{ "type": "Feature", "properties": { "lat": 21.656533747847966, "lon": 79.76083675550862, "label": 1, "type": "positive", "near_mine": "Munsar Mine" }, "geometry": { "type": "Point", "coordinates": [ 79.76083675550862, 21.656533747847966 ] } },
{ "type": "Feature", "properties": { "lat": 21.618526334309681, "lon": 79.707402262730284, "label": 1, "type": "positive", "near_mine": "Gumgaon Mine" }, "geometry": { "type": "Point", "coordinates": [ 79.707402262730284, 21.618526334309681 ] } },
{ "type": "Feature", "properties": { "lat": 21.594561743225501, "lon": 79.692403307690952, "label": 1, "type": "positive", "near_mine": "Gumgaon Mine" }, "geometry": { "type": "Point", "coordinates": [ 79.692403307690952, 21.594561743225501 ] } },
{ "type": "Feature", "properties": { "lat": 21.61209329529445, "lon": 79.71557672184602, "label": 1, "type": "positive", "near_mine": "Gumgaon Mine" }, "geometry": { "type": "Point", "coordinates": [ 79.71557672184602, 21.61209329529445 ] } },
{ "type": "Feature", "properties": { "lat": 21.590580841885142, "lon": 79.687490933139571, "label": 1, "type": "positive", "near_mine": "Gumgaon Mine" }, "geometry": { "type": "Point", "coordinates": [ 79.687490933139571, 21.590580841885142 ] } },
{ "type": "Feature", "properties": { "lat": 21.597079913897595, "lon": 79.701374658980441, "label": 1, "type": "positive", "near_mine": "Gumgaon Mine" }, "geometry": { "type": "Point", "coordinates": [ 79.701374658980441, 21.597079913897595 ] } },
{ "type": "Feature", "properties": { "lat": 21.604986298305157, "lon": 79.675726205746528, "label": 1, "type": "positive", "near_mine": "Gumgaon Mine" }, "geometry": { "type": "Point", "coordinates": [ 79.675726205746528, 21.604986298305157 ] } },
{ "type": "Feature", "properties": { "lat": 21.59249915727559, "lon": 79.697753033605366, "label": 1, "type": "positive", "near_mine": "Gumgaon Mine" }, "geometry": { "type": "Point", "coordinates": [ 79.697753033605366, 21.59249915727559 ] } },
{ "type": "Feature", "properties": { "lat": 21.599150208173413, "lon": 79.680590600341304, "label": 1, "type": "positive", "near_mine": "Gumgaon Mine" }, "geometry": { "type": "Point", "coordinates": [ 79.680590600341304, 21.599150208173413 ] } },
{ "type": "Feature", "properties": { "lat": 21.604300637373036, "lon": 79.720013606517611, "label": 1, "type": "positive", "near_mine": "Gumgaon Mine" }, "geometry": { "type": "Point", "coordinates": [ 79.720013606517611, 21.604300637373036 ] } },
{ "type": "Feature", "properties": { "lat": 21.593935405777067, "lon": 79.718573800093225, "label": 1, "type": "positive", "near_mine": "Gumgaon Mine" }, "geometry": { "type": "Point", "coordinates": [ 79.718573800093225, 21.593935405777067 ] } },
{ "type": "Feature", "properties": { "lat": 21.60324488049686, "lon": 79.688163133413497, "label": 1, "type": "positive", "near_mine": "Gumgaon Mine" }, "geometry": { "type": "Point", "coordinates": [ 79.688163133413497, 21.60324488049686 ] } },
{ "type": "Feature", "properties": { "lat": 21.597952450193677, "lon": 79.707451682961349, "label": 1, "type": "positive", "near_mine": "Gumgaon Mine" }, "geometry": { "type": "Point", "coordinates": [ 79.707451682961349, 21.597952450193677 ] } },
{ "type": "Feature", "properties": { "lat": 21.607834934381895, "lon": 79.69124847678772, "label": 1, "type": "positive", "near_mine": "Gumgaon Mine" }, "geometry": { "type": "Point", "coordinates": [ 79.69124847678772, 21.607834934381895 ] } },
{ "type": "Feature", "properties": { "lat": 21.606537356427257, "lon": 79.703810303333128, "label": 1, "type": "positive", "near_mine": "Gumgaon Mine" }, "geometry": { "type": "Point", "coordinates": [ 79.703810303333128, 21.606537356427257 ] } },
{ "type": "Feature", "properties": { "lat": 21.593832259336086, "lon": 79.691307899252124, "label": 1, "type": "positive", "near_mine": "Gumgaon Mine" }, "geometry": { "type": "Point", "coordinates": [ 79.691307899252124, 21.593832259336086 ] } },
{ "type": "Feature", "properties": { "lat": 21.606638820666362, "lon": 79.693930764665822, "label": 1, "type": "positive", "near_mine": "Gumgaon Mine" }, "geometry": { "type": "Point", "coordinates": [ 79.693930764665822, 21.606638820666362 ] } },
{ "type": "Feature", "properties": { "lat": 21.604184431219874, "lon": 79.694491340639686, "label": 1, "type": "positive", "near_mine": "Gumgaon Mine" }, "geometry": { "type": "Point", "coordinates": [ 79.694491340639686, 21.604184431219874 ] } },
{ "type": "Feature", "properties": { "lat": 21.602996403501827, "lon": 79.701905665541915, "label": 1, "type": "positive", "near_mine": "Gumgaon Mine" }, "geometry": { "type": "Point", "coordinates": [ 79.701905665541915, 21.602996403501827 ] } },
{ "type": "Feature", "properties": { "lat": 21.588441963203852, "lon": 79.70480392531114, "label": 1, "type": "positive", "near_mine": "Gumgaon Mine" }, "geometry": { "type": "Point", "coordinates": [ 79.70480392531114, 21.588441963203852 ] } },
{ "type": "Feature", "properties": { "lat": 21.592378244398748, "lon": 79.705673021982278, "label": 1, "type": "positive", "near_mine": "Gumgaon Mine" }, "geometry": { "type": "Point", "coordinates": [ 79.705673021982278, 21.592378244398748 ] } },
{ "type": "Feature", "properties": { "lat": 21.704417570296339, "lon": 79.719145973236579, "label": 1, "type": "positive", "near_mine": "Dongri Buzurg Mine" }, "geometry": { "type": "Point", "coordinates": [ 79.719145973236579, 21.704417570296339 ] } },
{ "type": "Feature", "properties": { "lat": 21.703955259492908, "lon": 79.73470355869766, "label": 1, "type": "positive", "near_mine": "Dongri Buzurg Mine" }, "geometry": { "type": "Point", "coordinates": [ 79.73470355869766, 21.703955259492908 ] } },
{ "type": "Feature", "properties": { "lat": 21.701025324486118, "lon": 79.72057305857227, "label": 1, "type": "positive", "near_mine": "Dongri Buzurg Mine" }, "geometry": { "type": "Point", "coordinates": [ 79.72057305857227, 21.701025324486118 ] } },
{ "type": "Feature", "properties": { "lat": 21.703276261910528, "lon": 79.72976291902458, "label": 1, "type": "positive", "near_mine": "Dongri Buzurg Mine" }, "geometry": { "type": "Point", "coordinates": [ 79.72976291902458, 21.703276261910528 ] } },
{ "type": "Feature", "properties": { "lat": 21.680863115586089, "lon": 79.748283859165213, "label": 1, "type": "positive", "near_mine": "Dongri Buzurg Mine" }, "geometry": { "type": "Point", "coordinates": [ 79.748283859165213, 21.680863115586089 ] } },
{ "type": "Feature", "properties": { "lat": 21.696354613915116, "lon": 79.721137237377278, "label": 1, "type": "positive", "near_mine": "Dongri Buzurg Mine" }, "geometry": { "type": "Point", "coordinates": [ 79.721137237377278, 21.696354613915116 ] } },
{ "type": "Feature", "properties": { "lat": 21.714749958816359, "lon": 79.718754777403035, "label": 1, "type": "positive", "near_mine": "Dongri Buzurg Mine" }, "geometry": { "type": "Point", "coordinates": [ 79.718754777403035, 21.714749958816359 ] } },
{ "type": "Feature", "properties": { "lat": 21.681298519547354, "lon": 79.720257920387027, "label": 1, "type": "positive", "near_mine": "Dongri Buzurg Mine" }, "geometry": { "type": "Point", "coordinates": [ 79.720257920387027, 21.681298519547354 ] } },
{ "type": "Feature", "properties": { "lat": 21.706311792607963, "lon": 79.730559103892347, "label": 1, "type": "positive", "near_mine": "Dongri Buzurg Mine" }, "geometry": { "type": "Point", "coordinates": [ 79.730559103892347, 21.706311792607963 ] } },
{ "type": "Feature", "properties": { "lat": 21.701048693069595, "lon": 79.747340419424788, "label": 1, "type": "positive", "near_mine": "Dongri Buzurg Mine" }, "geometry": { "type": "Point", "coordinates": [ 79.747340419424788, 21.701048693069595 ] } },
{ "type": "Feature", "properties": { "lat": 21.693494212216173, "lon": 79.738988600036336, "label": 1, "type": "positive", "near_mine": "Dongri Buzurg Mine" }, "geometry": { "type": "Point", "coordinates": [ 79.738988600036336, 21.693494212216173 ] } },
{ "type": "Feature", "properties": { "lat": 21.678080208460607, "lon": 79.729880020260367, "label": 1, "type": "positive", "near_mine": "Dongri Buzurg Mine" }, "geometry": { "type": "Point", "coordinates": [ 79.729880020260367, 21.678080208460607 ] } },
{ "type": "Feature", "properties": { "lat": 21.716225177649516, "lon": 79.729034137716326, "label": 1, "type": "positive", "near_mine": "Dongri Buzurg Mine" }, "geometry": { "type": "Point", "coordinates": [ 79.729034137716326, 21.716225177649516 ] } },
{ "type": "Feature", "properties": { "lat": 21.699466511580507, "lon": 79.733283855438884, "label": 1, "type": "positive", "near_mine": "Dongri Buzurg Mine" }, "geometry": { "type": "Point", "coordinates": [ 79.733283855438884, 21.699466511580507 ] } },
{ "type": "Feature", "properties": { "lat": 21.682111787833591, "lon": 79.747896325514589, "label": 1, "type": "positive", "near_mine": "Dongri Buzurg Mine" }, "geometry": { "type": "Point", "coordinates": [ 79.747896325514589, 21.682111787833591 ] } },
{ "type": "Feature", "properties": { "lat": 21.711620236607573, "lon": 79.740148852350032, "label": 1, "type": "positive", "near_mine": "Dongri Buzurg Mine" }, "geometry": { "type": "Point", "coordinates": [ 79.740148852350032, 21.711620236607573 ] } },
{ "type": "Feature", "properties": { "lat": 21.703626836354104, "lon": 79.726719410366286, "label": 1, "type": "positive", "near_mine": "Dongri Buzurg Mine" }, "geometry": { "type": "Point", "coordinates": [ 79.726719410366286, 21.703626836354104 ] } },
{ "type": "Feature", "properties": { "lat": 21.700723853800067, "lon": 79.747210790685031, "label": 1, "type": "positive", "near_mine": "Dongri Buzurg Mine" }, "geometry": { "type": "Point", "coordinates": [ 79.747210790685031, 21.700723853800067 ] } },
{ "type": "Feature", "properties": { "lat": 21.705305628122076, "lon": 79.733286529056855, "label": 1, "type": "positive", "near_mine": "Dongri Buzurg Mine" }, "geometry": { "type": "Point", "coordinates": [ 79.733286529056855, 21.705305628122076 ] } },
{ "type": "Feature", "properties": { "lat": 21.717796790737651, "lon": 79.715416214455587, "label": 1, "type": "positive", "near_mine": "Dongri Buzurg Mine" }, "geometry": { "type": "Point", "coordinates": [ 79.715416214455587, 21.717796790737651 ] } },
{ "type": "Feature", "properties": { "lat": 21.78805216053976, "lon": 79.798996661169113, "label": 1, "type": "positive", "near_mine": "Chikla Mine" }, "geometry": { "type": "Point", "coordinates": [ 79.798996661169113, 21.78805216053976 ] } },
{ "type": "Feature", "properties": { "lat": 21.786259383273507, "lon": 79.804155036797695, "label": 1, "type": "positive", "near_mine": "Chikla Mine" }, "geometry": { "type": "Point", "coordinates": [ 79.804155036797695, 21.786259383273507 ] } },
{ "type": "Feature", "properties": { "lat": 21.776890836183156, "lon": 79.788688772147808, "label": 1, "type": "positive", "near_mine": "Chikla Mine" }, "geometry": { "type": "Point", "coordinates": [ 79.788688772147808, 21.776890836183156 ] } },
{ "type": "Feature", "properties": { "lat": 21.795400448038659, "lon": 79.797285805860994, "label": 1, "type": "positive", "near_mine": "Chikla Mine" }, "geometry": { "type": "Point", "coordinates": [ 79.797285805860994, 21.795400448038659 ] } },
{ "type": "Feature", "properties": { "lat": 21.808775918346829, "lon": 79.805099175101631, "label": 1, "type": "positive", "near_mine": "Chikla Mine" }, "geometry": { "type": "Point", "coordinates": [ 79.805099175101631, 21.808775918346829 ] } },
{ "type": "Feature", "properties": { "lat": 21.813807654599881, "lon": 79.800635881566947, "label": 1, "type": "positive", "near_mine": "Chikla Mine" }, "geometry": { "type": "Point", "coordinates": [ 79.800635881566947, 21.813807654599881 ] } },
{ "type": "Feature", "properties": { "lat": 21.798789098665328, "lon": 79.78353999582616, "label": 1, "type": "positive", "near_mine": "Chikla Mine" }, "geometry": { "type": "Point", "coordinates": [ 79.78353999582616, 21.798789098665328 ] } },
{ "type": "Feature", "properties": { "lat": 21.807153014026206, "lon": 79.777471862416576, "label": 1, "type": "positive", "near_mine": "Chikla Mine" }, "geometry": { "type": "Point", "coordinates": [ 79.777471862416576, 21.807153014026206 ] } },
{ "type": "Feature", "properties": { "lat": 21.800585818481565, "lon": 79.814738613354166, "label": 1, "type": "positive", "near_mine": "Chikla Mine" }, "geometry": { "type": "Point", "coordinates": [ 79.814738613354166, 21.800585818481565 ] } },
{ "type": "Feature", "properties": { "lat": 21.798494085071965, "lon": 79.812581590771956, "label": 1, "type": "positive", "near_mine": "Chikla Mine" }, "geometry": { "type": "Point", "coordinates": [ 79.812581590771956, 21.798494085071965 ] } },
{ "type": "Feature", "properties": { "lat": 21.805489056233583, "lon": 79.791756869905242, "label": 1, "type": "positive", "near_mine": "Chikla Mine" }, "geometry": { "type": "Point", "coordinates": [ 79.791756869905242, 21.805489056233583 ] } },
{ "type": "Feature", "properties": { "lat": 21.81325996516377, "lon": 79.805276835155411, "label": 1, "type": "positive", "near_mine": "Chikla Mine" }, "geometry": { "type": "Point", "coordinates": [ 79.805276835155411, 21.81325996516377 ] } },
{ "type": "Feature", "properties": { "lat": 21.804249827928068, "lon": 79.79696754095022, "label": 1, "type": "positive", "near_mine": "Chikla Mine" }, "geometry": { "type": "Point", "coordinates": [ 79.79696754095022, 21.804249827928068 ] } },
{ "type": "Feature", "properties": { "lat": 21.806188280939875, "lon": 79.784703122215561, "label": 1, "type": "positive", "near_mine": "Chikla Mine" }, "geometry": { "type": "Point", "coordinates": [ 79.784703122215561, 21.806188280939875 ] } },
{ "type": "Feature", "properties": { "lat": 21.794795363192989, "lon": 79.796156049937437, "label": 1, "type": "positive", "near_mine": "Chikla Mine" }, "geometry": { "type": "Point", "coordinates": [ 79.796156049937437, 21.794795363192989 ] } },
{ "type": "Feature", "properties": { "lat": 21.806478635705496, "lon": 79.80691763752975, "label": 1, "type": "positive", "near_mine": "Chikla Mine" }, "geometry": { "type": "Point", "coordinates": [ 79.80691763752975, 21.806478635705496 ] } },
{ "type": "Feature", "properties": { "lat": 21.797920820604741, "lon": 79.786558243981347, "label": 1, "type": "positive", "near_mine": "Chikla Mine" }, "geometry": { "type": "Point", "coordinates": [ 79.786558243981347, 21.797920820604741 ] } },
{ "type": "Feature", "properties": { "lat": 21.824487182696462, "lon": 79.81418297809185, "label": 1, "type": "positive", "near_mine": "Chikla Mine" }, "geometry": { "type": "Point", "coordinates": [ 79.81418297809185, 21.824487182696462 ] } },
{ "type": "Feature", "properties": { "lat": 21.793566856835977, "lon": 79.802488080135589, "label": 1, "type": "positive", "near_mine": "Chikla Mine" }, "geometry": { "type": "Point", "coordinates": [ 79.802488080135589, 21.793566856835977 ] } },
{ "type": "Feature", "properties": { "lat": 21.80713662502751, "lon": 79.792552155866829, "label": 1, "type": "positive", "near_mine": "Chikla Mine" }, "geometry": { "type": "Point", "coordinates": [ 79.792552155866829, 21.80713662502751 ] } },
{ "type": "Feature", "properties": { "lat": 21.668485561282544, "lon": 79.771628724328977, "label": 1, "type": "positive", "near_mine": "Beldongri Mine" }, "geometry": { "type": "Point", "coordinates": [ 79.771628724328977, 21.668485561282544 ] } },
{ "type": "Feature", "properties": { "lat": 21.668949189686725, "lon": 79.783254465302988, "label": 1, "type": "positive", "near_mine": "Beldongri Mine" }, "geometry": { "type": "Point", "coordinates": [ 79.783254465302988, 21.668949189686725 ] } },
{ "type": "Feature", "properties": { "lat": 21.66154024855296, "lon": 79.783253993985724, "label": 1, "type": "positive", "near_mine": "Beldongri Mine" }, "geometry": { "type": "Point", "coordinates": [ 79.783253993985724, 21.66154024855296 ] } },
{ "type": "Feature", "properties": { "lat": 21.657459759265404, "lon": 79.771070914656917, "label": 1, "type": "positive", "near_mine": "Beldongri Mine" }, "geometry": { "type": "Point", "coordinates": [ 79.771070914656917, 21.657459759265404 ] } },
{ "type": "Feature", "properties": { "lat": 21.662681040339677, "lon": 79.76547615313018, "label": 1, "type": "positive", "near_mine": "Beldongri Mine" }, "geometry": { "type": "Point", "coordinates": [ 79.76547615313018, 21.662681040339677 ] } },
{ "type": "Feature", "properties": { "lat": 21.66612787901111, "lon": 79.768499228901291, "label": 1, "type": "positive", "near_mine": "Beldongri Mine" }, "geometry": { "type": "Point", "coordinates": [ 79.768499228901291, 21.66612787901111 ] } },
{ "type": "Feature", "properties": { "lat": 21.655244331810113, "lon": 79.789638391956643, "label": 1, "type": "positive", "near_mine": "Beldongri Mine" }, "geometry": { "type": "Point", "coordinates": [ 79.789638391956643, 21.655244331810113 ] } },
{ "type": "Feature", "properties": { "lat": 21.664266435866722, "lon": 79.762109527095717, "label": 1, "type": "positive", "near_mine": "Beldongri Mine" }, "geometry": { "type": "Point", "coordinates": [ 79.762109527095717, 21.664266435866722 ] } },
{ "type": "Feature", "properties": { "lat": 21.676276688976724, "lon": 79.792093358839651, "label": 1, "type": "positive", "near_mine": "Beldongri Mine" }, "geometry": { "type": "Point", "coordinates": [ 79.792093358839651, 21.676276688976724 ] } },
{ "type": "Feature", "properties": { "lat": 21.684102293241981, "lon": 79.791682712359432, "label": 1, "type": "positive", "near_mine": "Beldongri Mine" }, "geometry": { "type": "Point", "coordinates": [ 79.791682712359432, 21.684102293241981 ] } },
{ "type": "Feature", "properties": { "lat": 21.654461067918685, "lon": 79.788583850662448, "label": 1, "type": "positive", "near_mine": "Beldongri Mine" }, "geometry": { "type": "Point", "coordinates": [ 79.788583850662448, 21.654461067918685 ] } },
{ "type": "Feature", "properties": { "lat": 21.682493706444443, "lon": 79.797032265140501, "label": 1, "type": "positive", "near_mine": "Beldongri Mine" }, "geometry": { "type": "Point", "coordinates": [ 79.797032265140501, 21.682493706444443 ] } },
{ "type": "Feature", "properties": { "lat": 21.669224013000896, "lon": 79.779294443523824, "label": 1, "type": "positive", "near_mine": "Beldongri Mine" }, "geometry": { "type": "Point", "coordinates": [ 79.779294443523824, 21.669224013000896 ] } },
{ "type": "Feature", "properties": { "lat": 21.66067780838997, "lon": 79.777420527390717, "label": 1, "type": "positive", "near_mine": "Beldongri Mine" }, "geometry": { "type": "Point", "coordinates": [ 79.777420527390717, 21.66067780838997 ] } },
{ "type": "Feature", "properties": { "lat": 21.662807815778741, "lon": 79.794049389255875, "label": 1, "type": "positive", "near_mine": "Beldongri Mine" }, "geometry": { "type": "Point", "coordinates": [ 79.794049389255875, 21.662807815778741 ] } },
{ "type": "Feature", "properties": { "lat": 21.673858654019753, "lon": 79.762468287911759, "label": 1, "type": "positive", "near_mine": "Beldongri Mine" }, "geometry": { "type": "Point", "coordinates": [ 79.762468287911759, 21.673858654019753 ] } },
{ "type": "Feature", "properties": { "lat": 21.663007086137139, "lon": 79.7869277163757, "label": 1, "type": "positive", "near_mine": "Beldongri Mine" }, "geometry": { "type": "Point", "coordinates": [ 79.7869277163757, 21.663007086137139 ] } },
{ "type": "Feature", "properties": { "lat": 21.668974029537555, "lon": 79.78432393985166, "label": 1, "type": "positive", "near_mine": "Beldongri Mine" }, "geometry": { "type": "Point", "coordinates": [ 79.78432393985166, 21.668974029537555 ] } },
{ "type": "Feature", "properties": { "lat": 21.653493194550222, "lon": 79.803462378918525, "label": 1, "type": "positive", "near_mine": "Beldongri Mine" }, "geometry": { "type": "Point", "coordinates": [ 79.803462378918525, 21.653493194550222 ] } },
{ "type": "Feature", "properties": { "lat": 21.665678291616409, "lon": 79.782423129866416, "label": 1, "type": "positive", "near_mine": "Beldongri Mine" }, "geometry": { "type": "Point", "coordinates": [ 79.782423129866416, 21.665678291616409 ] } },
{ "type": "Feature", "properties": { "lat": 21.615648203129957, "lon": 79.769474429576874, "label": 1, "type": "positive", "near_mine": "Sitapatore Mine" }, "geometry": { "type": "Point", "coordinates": [ 79.769474429576874, 21.615648203129957 ] } },
{ "type": "Feature", "properties": { "lat": 21.639918310377961, "lon": 79.77802046368241, "label": 1, "type": "positive", "near_mine": "Sitapatore Mine" }, "geometry": { "type": "Point", "coordinates": [ 79.77802046368241, 21.639918310377961 ] } },
{ "type": "Feature", "properties": { "lat": 21.635181866148955, "lon": 79.745846154800546, "label": 1, "type": "positive", "near_mine": "Sitapatore Mine" }, "geometry": { "type": "Point", "coordinates": [ 79.745846154800546, 21.635181866148955 ] } },
{ "type": "Feature", "properties": { "lat": 21.624776073283513, "lon": 79.770637341969163, "label": 1, "type": "positive", "near_mine": "Sitapatore Mine" }, "geometry": { "type": "Point", "coordinates": [ 79.770637341969163, 21.624776073283513 ] } },
{ "type": "Feature", "properties": { "lat": 21.632868405066411, "lon": 79.779734802897892, "label": 1, "type": "positive", "near_mine": "Sitapatore Mine" }, "geometry": { "type": "Point", "coordinates": [ 79.779734802897892, 21.632868405066411 ] } },
{ "type": "Feature", "properties": { "lat": 21.635899922473978, "lon": 79.75241640569719, "label": 1, "type": "positive", "near_mine": "Sitapatore Mine" }, "geometry": { "type": "Point", "coordinates": [ 79.75241640569719, 21.635899922473978 ] } },
{ "type": "Feature", "properties": { "lat": 21.625264916680589, "lon": 79.76860067356651, "label": 1, "type": "positive", "near_mine": "Sitapatore Mine" }, "geometry": { "type": "Point", "coordinates": [ 79.76860067356651, 21.625264916680589 ] } },
{ "type": "Feature", "properties": { "lat": 21.622122771836576, "lon": 79.769369427599926, "label": 1, "type": "positive", "near_mine": "Sitapatore Mine" }, "geometry": { "type": "Point", "coordinates": [ 79.769369427599926, 21.622122771836576 ] } },
{ "type": "Feature", "properties": { "lat": 21.617449020334806, "lon": 79.76236528901704, "label": 1, "type": "positive", "near_mine": "Sitapatore Mine" }, "geometry": { "type": "Point", "coordinates": [ 79.76236528901704, 21.617449020334806 ] } },
{ "type": "Feature", "properties": { "lat": 21.640502000665268, "lon": 79.769473293178976, "label": 1, "type": "positive", "near_mine": "Sitapatore Mine" }, "geometry": { "type": "Point", "coordinates": [ 79.769473293178976, 21.640502000665268 ] } },
{ "type": "Feature", "properties": { "lat": 21.632850577507543, "lon": 79.773117430249386, "label": 1, "type": "positive", "near_mine": "Sitapatore Mine" }, "geometry": { "type": "Point", "coordinates": [ 79.773117430249386, 21.632850577507543 ] } },
{ "type": "Feature", "properties": { "lat": 21.63543765741888, "lon": 79.766415678662625, "label": 1, "type": "positive", "near_mine": "Sitapatore Mine" }, "geometry": { "type": "Point", "coordinates": [ 79.766415678662625, 21.63543765741888 ] } },
{ "type": "Feature", "properties": { "lat": 21.625955141089886, "lon": 79.746222392313996, "label": 1, "type": "positive", "near_mine": "Sitapatore Mine" }, "geometry": { "type": "Point", "coordinates": [ 79.746222392313996, 21.625955141089886 ] } },
{ "type": "Feature", "properties": { "lat": 21.626847164834572, "lon": 79.763963323439611, "label": 1, "type": "positive", "near_mine": "Sitapatore Mine" }, "geometry": { "type": "Point", "coordinates": [ 79.763963323439611, 21.626847164834572 ] } },
{ "type": "Feature", "properties": { "lat": 21.630906966796832, "lon": 79.756625701045436, "label": 1, "type": "positive", "near_mine": "Sitapatore Mine" }, "geometry": { "type": "Point", "coordinates": [ 79.756625701045436, 21.630906966796832 ] } },
{ "type": "Feature", "properties": { "lat": 21.622887582259992, "lon": 79.769759856733728, "label": 1, "type": "positive", "near_mine": "Sitapatore Mine" }, "geometry": { "type": "Point", "coordinates": [ 79.769759856733728, 21.622887582259992 ] } },
{ "type": "Feature", "properties": { "lat": 21.635835935189796, "lon": 79.768998631701436, "label": 1, "type": "positive", "near_mine": "Sitapatore Mine" }, "geometry": { "type": "Point", "coordinates": [ 79.768998631701436, 21.635835935189796 ] } },
{ "type": "Feature", "properties": { "lat": 21.637003676075189, "lon": 79.767133881350262, "label": 1, "type": "positive", "near_mine": "Sitapatore Mine" }, "geometry": { "type": "Point", "coordinates": [ 79.767133881350262, 21.637003676075189 ] } },
{ "type": "Feature", "properties": { "lat": 21.62955699620273, "lon": 79.771370606585108, "label": 1, "type": "positive", "near_mine": "Sitapatore Mine" }, "geometry": { "type": "Point", "coordinates": [ 79.771370606585108, 21.62955699620273 ] } },
{ "type": "Feature", "properties": { "lat": 21.63145839050318, "lon": 79.753244230875325, "label": 1, "type": "positive", "near_mine": "Sitapatore Mine" }, "geometry": { "type": "Point", "coordinates": [ 79.753244230875325, 21.63145839050318 ] } },
{ "type": "Feature", "properties": { "lat": 21.596039890720768, "lon": 79.755658737725525, "label": 1, "type": "positive", "near_mine": "Ratnagiri Mine" }, "geometry": { "type": "Point", "coordinates": [ 79.755658737725525, 21.596039890720768 ] } },
{ "type": "Feature", "properties": { "lat": 21.619279862796432, "lon": 79.738883560981648, "label": 1, "type": "positive", "near_mine": "Ratnagiri Mine" }, "geometry": { "type": "Point", "coordinates": [ 79.738883560981648, 21.619279862796432 ] } },
{ "type": "Feature", "properties": { "lat": 21.606584395752606, "lon": 79.753669979856383, "label": 1, "type": "positive", "near_mine": "Ratnagiri Mine" }, "geometry": { "type": "Point", "coordinates": [ 79.753669979856383, 21.606584395752606 ] } },
{ "type": "Feature", "properties": { "lat": 21.594366567454788, "lon": 79.752429831392391, "label": 1, "type": "positive", "near_mine": "Ratnagiri Mine" }, "geometry": { "type": "Point", "coordinates": [ 79.752429831392391, 21.594366567454788 ] } },
{ "type": "Feature", "properties": { "lat": 21.617905005045383, "lon": 79.757936337958029, "label": 1, "type": "positive", "near_mine": "Ratnagiri Mine" }, "geometry": { "type": "Point", "coordinates": [ 79.757936337958029, 21.617905005045383 ] } },
{ "type": "Feature", "properties": { "lat": 21.585179949236156, "lon": 79.750482246054744, "label": 1, "type": "positive", "near_mine": "Ratnagiri Mine" }, "geometry": { "type": "Point", "coordinates": [ 79.750482246054744, 21.585179949236156 ] } },
{ "type": "Feature", "properties": { "lat": 21.616788016590565, "lon": 79.767415265207745, "label": 1, "type": "positive", "near_mine": "Ratnagiri Mine" }, "geometry": { "type": "Point", "coordinates": [ 79.767415265207745, 21.616788016590565 ] } },
{ "type": "Feature", "properties": { "lat": 21.62140362554441, "lon": 79.731676413238603, "label": 1, "type": "positive", "near_mine": "Ratnagiri Mine" }, "geometry": { "type": "Point", "coordinates": [ 79.731676413238603, 21.62140362554441 ] } },
{ "type": "Feature", "properties": { "lat": 21.610026685624796, "lon": 79.752087050304098, "label": 1, "type": "positive", "near_mine": "Ratnagiri Mine" }, "geometry": { "type": "Point", "coordinates": [ 79.752087050304098, 21.610026685624796 ] } },
{ "type": "Feature", "properties": { "lat": 21.619908842507495, "lon": 79.767276488898801, "label": 1, "type": "positive", "near_mine": "Ratnagiri Mine" }, "geometry": { "type": "Point", "coordinates": [ 79.767276488898801, 21.619908842507495 ] } },
{ "type": "Feature", "properties": { "lat": 21.599509775834029, "lon": 79.749346408417651, "label": 1, "type": "positive", "near_mine": "Ratnagiri Mine" }, "geometry": { "type": "Point", "coordinates": [ 79.749346408417651, 21.599509775834029 ] } },
{ "type": "Feature", "properties": { "lat": 21.616896930434823, "lon": 79.744290826417469, "label": 1, "type": "positive", "near_mine": "Ratnagiri Mine" }, "geometry": { "type": "Point", "coordinates": [ 79.744290826417469, 21.616896930434823 ] } },
{ "type": "Feature", "properties": { "lat": 21.618532880556057, "lon": 79.741080425331688, "label": 1, "type": "positive", "near_mine": "Ratnagiri Mine" }, "geometry": { "type": "Point", "coordinates": [ 79.741080425331688, 21.618532880556057 ] } },
{ "type": "Feature", "properties": { "lat": 21.627843576616446, "lon": 79.753818064680601, "label": 1, "type": "positive", "near_mine": "Ratnagiri Mine" }, "geometry": { "type": "Point", "coordinates": [ 79.753818064680601, 21.627843576616446 ] } },
{ "type": "Feature", "properties": { "lat": 21.623289635601015, "lon": 79.726494416691807, "label": 1, "type": "positive", "near_mine": "Ratnagiri Mine" }, "geometry": { "type": "Point", "coordinates": [ 79.726494416691807, 21.623289635601015 ] } },
{ "type": "Feature", "properties": { "lat": 21.62255208483489, "lon": 79.753343355477, "label": 1, "type": "positive", "near_mine": "Ratnagiri Mine" }, "geometry": { "type": "Point", "coordinates": [ 79.753343355477, 21.62255208483489 ] } },
{ "type": "Feature", "properties": { "lat": 21.612962473542371, "lon": 79.748816350095694, "label": 1, "type": "positive", "near_mine": "Ratnagiri Mine" }, "geometry": { "type": "Point", "coordinates": [ 79.748816350095694, 21.612962473542371 ] } },
{ "type": "Feature", "properties": { "lat": 21.638143365180969, "lon": 79.750496795751147, "label": 1, "type": "positive", "near_mine": "Ratnagiri Mine" }, "geometry": { "type": "Point", "coordinates": [ 79.750496795751147, 21.638143365180969 ] } },
{ "type": "Feature", "properties": { "lat": 21.622690283535345, "lon": 79.745167657557005, "label": 1, "type": "positive", "near_mine": "Ratnagiri Mine" }, "geometry": { "type": "Point", "coordinates": [ 79.745167657557005, 21.622690283535345 ] } },
{ "type": "Feature", "properties": { "lat": 21.627713653469282, "lon": 79.763543590643991, "label": 1, "type": "positive", "near_mine": "Ratnagiri Mine" }, "geometry": { "type": "Point", "coordinates": [ 79.763543590643991, 21.627713653469282 ] } },
{ "type": "Feature", "properties": { "lat": 21.561810178271045, "lon": 81.401428612819828, "label": 0, "type": "negative", "near_mine": null }, "geometry": { "type": "Point", "coordinates": [ 81.401428612819828, 21.561810178271045 ] } },
{ "type": "Feature", "properties": { "lat": 22.097990912717108, "lon": 80.697316968394077, "label": 0, "type": "negative", "near_mine": null }, "geometry": { "type": "Point", "coordinates": [ 80.697316968394077, 22.097990912717108 ] } },
{ "type": "Feature", "properties": { "lat": 21.234027960663656, "lon": 79.811989040672401, "label": 0, "type": "negative", "near_mine": null }, "geometry": { "type": "Point", "coordinates": [ 79.811989040672401, 21.234027960663656 ] } },
{ "type": "Feature", "properties": { "lat": 21.087125418252299, "lon": 81.232352291549873, "label": 0, "type": "negative", "near_mine": null }, "geometry": { "type": "Point", "coordinates": [ 81.232352291549873, 21.087125418252299 ] } },
{ "type": "Feature", "properties": { "lat": 21.901672517614813, "lon": 80.916145155592091, "label": 0, "type": "negative", "near_mine": null }, "geometry": { "type": "Point", "coordinates": [ 80.916145155592091, 21.901672517614813 ] } },
{ "type": "Feature", "properties": { "lat": 21.030876741443702, "lon": 81.439819704323995, "label": 0, "type": "negative", "near_mine": null }, "geometry": { "type": "Point", "coordinates": [ 81.439819704323995, 21.030876741443702 ] } },
{ "type": "Feature", "properties": { "lat": 22.248663961200634, "lon": 79.924678221356558, "label": 0, "type": "negative", "near_mine": null }, "geometry": { "type": "Point", "coordinates": [ 79.924678221356558, 22.248663961200634 ] } },
{ "type": "Feature", "properties": { "lat": 21.272737450810652, "lon": 79.866809019706864, "label": 0, "type": "negative", "near_mine": null }, "geometry": { "type": "Point", "coordinates": [ 79.866809019706864, 21.272737450810652 ] } },
{ "type": "Feature", "properties": { "lat": 21.456363364439305, "lon": 80.549512863264482, "label": 0, "type": "negative", "near_mine": null }, "geometry": { "type": "Point", "coordinates": [ 80.549512863264482, 21.456363364439305 ] } },
{ "type": "Feature", "properties": { "lat": 21.647917527963173, "lon": 80.082458280396082, "label": 0, "type": "negative", "near_mine": null }, "geometry": { "type": "Point", "coordinates": [ 80.082458280396082, 21.647917527963173 ] } },
{ "type": "Feature", "properties": { "lat": 21.91777934208357, "lon": 79.778987721304077, "label": 0, "type": "negative", "near_mine": null }, "geometry": { "type": "Point", "coordinates": [ 79.778987721304077, 21.91777934208357 ] } },
{ "type": "Feature", "properties": { "lat": 21.438216972802827, "lon": 80.232723686587377, "label": 0, "type": "negative", "near_mine": null }, "geometry": { "type": "Point", "coordinates": [ 80.232723686587377, 21.438216972802827 ] } },
{ "type": "Feature", "properties": { "lat": 21.684104976325553, "lon": 81.070351922786031, "label": 0, "type": "negative", "near_mine": null }, "geometry": { "type": "Point", "coordinates": [ 81.070351922786031, 21.684104976325553 ] } },
{ "type": "Feature", "properties": { "lat": 21.299510673237538, "lon": 80.528468876827219, "label": 0, "type": "negative", "near_mine": null }, "geometry": { "type": "Point", "coordinates": [ 80.528468876827219, 21.299510673237538 ] } },
{ "type": "Feature", "properties": { "lat": 21.888621853293063, "lon": 79.592900825439997, "label": 0, "type": "negative", "near_mine": null }, "geometry": { "type": "Point", "coordinates": [ 79.592900825439997, 21.888621853293063 ] } },
{ "type": "Feature", "properties": { "lat": 21.911317277852156, "lon": 79.841048247374587, "label": 0, "type": "negative", "near_mine": null }, "geometry": { "type": "Point", "coordinates": [ 79.841048247374587, 21.911317277852156 ] } },
{ "type": "Feature", "properties": { "lat": 21.097577389477919, "lon": 81.397771074506664, "label": 0, "type": "negative", "near_mine": null }, "geometry": { "type": "Point", "coordinates": [ 81.397771074506664, 21.097577389477919 ] } },
{ "type": "Feature", "properties": { "lat": 22.448448049611841, "lon": 81.116794696232915, "label": 0, "type": "negative", "near_mine": null }, "geometry": { "type": "Point", "coordinates": [ 81.116794696232915, 22.448448049611841 ] } },
{ "type": "Feature", "properties": { "lat": 21.456920653760054, "lon": 79.695344228012772, "label": 0, "type": "negative", "near_mine": null }, "geometry": { "type": "Point", "coordinates": [ 79.695344228012772, 21.456920653760054 ] } },
{ "type": "Feature", "properties": { "lat": 22.026349539768237, "lon": 80.380304987479207, "label": 0, "type": "negative", "near_mine": null }, "geometry": { "type": "Point", "coordinates": [ 80.380304987479207, 22.026349539768237 ] } },
{ "type": "Feature", "properties": { "lat": 21.18305735226717, "lon": 80.490353820222538, "label": 0, "type": "negative", "near_mine": null }, "geometry": { "type": "Point", "coordinates": [ 80.490353820222538, 21.18305735226717 ] } },
{ "type": "Feature", "properties": { "lat": 21.051582781672828, "lon": 81.318640804157567, "label": 0, "type": "negative", "near_mine": null }, "geometry": { "type": "Point", "coordinates": [ 81.318640804157567, 21.051582781672828 ] } },
{ "type": "Feature", "properties": { "lat": 21.388169972400025, "lon": 80.825044568707966, "label": 0, "type": "negative", "near_mine": null }, "geometry": { "type": "Point", "coordinates": [ 80.825044568707966, 21.388169972400025 ] } },
{ "type": "Feature", "properties": { "lat": 21.467566614134117, "lon": 80.540136042355627, "label": 0, "type": "negative", "near_mine": null }, "geometry": { "type": "Point", "coordinates": [ 80.540136042355627, 21.467566614134117 ] } },
{ "type": "Feature", "properties": { "lat": 21.82006541901492, "lon": 79.869708911051049, "label": 0, "type": "negative", "near_mine": null }, "geometry": { "type": "Point", "coordinates": [ 79.869708911051049, 21.82006541901492 ] } },
{ "type": "Feature", "properties": { "lat": 22.454376941646839, "lon": 81.050265646722224, "label": 0, "type": "negative", "near_mine": null }, "geometry": { "type": "Point", "coordinates": [ 81.050265646722224, 22.454376941646839 ] } },
{ "type": "Feature", "properties": { "lat": 22.409248412346283, "lon": 81.289654700855294, "label": 0, "type": "negative", "near_mine": null }, "geometry": { "type": "Point", "coordinates": [ 81.289654700855294, 22.409248412346283 ] } },
{ "type": "Feature", "properties": { "lat": 21.896849968216628, "lon": 81.343748470046236, "label": 0, "type": "negative", "near_mine": null }, "geometry": { "type": "Point", "coordinates": [ 81.343748470046236, 21.896849968216628 ] } },
{ "type": "Feature", "properties": { "lat": 21.132738753077881, "lon": 79.891965724838286, "label": 0, "type": "negative", "near_mine": null }, "geometry": { "type": "Point", "coordinates": [ 79.891965724838286, 21.132738753077881 ] } },
{ "type": "Feature", "properties": { "lat": 21.067840933365808, "lon": 80.15066066152653, "label": 0, "type": "negative", "near_mine": null }, "geometry": { "type": "Point", "coordinates": [ 80.15066066152653, 21.067840933365808 ] } },
{ "type": "Feature", "properties": { "lat": 21.583015934534224, "lon": 80.042698063547789, "label": 0, "type": "negative", "near_mine": null }, "geometry": { "type": "Point", "coordinates": [ 80.042698063547789, 21.583015934534224 ] } },
{ "type": "Feature", "properties": { "lat": 22.243106263727896, "lon": 80.213506653387185, "label": 0, "type": "negative", "near_mine": null }, "geometry": { "type": "Point", "coordinates": [ 80.213506653387185, 22.243106263727896 ] } },
{ "type": "Feature", "properties": { "lat": 21.421401764531073, "lon": 80.585392166316495, "label": 0, "type": "negative", "near_mine": null }, "geometry": { "type": "Point", "coordinates": [ 80.585392166316495, 21.421401764531073 ] } },
{ "type": "Feature", "properties": { "lat": 21.211386337462145, "lon": 81.10439396150808, "label": 0, "type": "negative", "near_mine": null }, "geometry": { "type": "Point", "coordinates": [ 81.10439396150808, 21.211386337462145 ] } },
{ "type": "Feature", "properties": { "lat": 21.111825965519657, "lon": 81.47377387320104, "label": 0, "type": "negative", "near_mine": null }, "geometry": { "type": "Point", "coordinates": [ 81.47377387320104, 21.111825965519657 ] } },
{ "type": "Feature", "properties": { "lat": 22.158367153944987, "lon": 79.89743136306835, "label": 0, "type": "negative", "near_mine": null }, "geometry": { "type": "Point", "coordinates": [ 79.89743136306835, 22.158367153944987 ] } },
{ "type": "Feature", "properties": { "lat": 21.008283175685403, "lon": 81.130922856909663, "label": 0, "type": "negative", "near_mine": null }, "geometry": { "type": "Point", "coordinates": [ 81.130922856909663, 21.008283175685403 ] } },
{ "type": "Feature", "properties": { "lat": 22.060286015771425, "lon": 80.958014336081973, "label": 0, "type": "negative", "near_mine": null }, "geometry": { "type": "Point", "coordinates": [ 80.958014336081973, 22.060286015771425 ] } },
{ "type": "Feature", "properties": { "lat": 22.156905520028918, "lon": 79.648089303468183, "label": 0, "type": "negative", "near_mine": null }, "geometry": { "type": "Point", "coordinates": [ 79.648089303468183, 22.156905520028918 ] } },
{ "type": "Feature", "properties": { "lat": 21.537698592816408, "lon": 79.731738119050263, "label": 0, "type": "negative", "near_mine": null }, "geometry": { "type": "Point", "coordinates": [ 79.731738119050263, 21.537698592816408 ] } },
{ "type": "Feature", "properties": { "lat": 22.29465513881339, "lon": 80.746596253655113, "label": 0, "type": "negative", "near_mine": null }, "geometry": { "type": "Point", "coordinates": [ 80.746596253655113, 22.29465513881339 ] } },
{ "type": "Feature", "properties": { "lat": 21.496347037278973, "lon": 79.627116700572046, "label": 0, "type": "negative", "near_mine": null }, "geometry": { "type": "Point", "coordinates": [ 79.627116700572046, 21.496347037278973 ] } },
{ "type": "Feature", "properties": { "lat": 21.466473482573495, "lon": 80.150366644053491, "label": 0, "type": "negative", "near_mine": null }, "geometry": { "type": "Point", "coordinates": [ 80.150366644053491, 21.466473482573495 ] } },
{ "type": "Feature", "properties": { "lat": 22.094409267507096, "lon": 80.775114942710431, "label": 0, "type": "negative", "near_mine": null }, "geometry": { "type": "Point", "coordinates": [ 80.775114942710431, 22.094409267507096 ] } },
{ "type": "Feature", "properties": { "lat": 22.330819113864489, "lon": 80.4444298503239, "label": 0, "type": "negative", "near_mine": null }, "geometry": { "type": "Point", "coordinates": [ 80.4444298503239, 22.330819113864489 ] } },
{ "type": "Feature", "properties": { "lat": 21.179391368907453, "lon": 80.926489574445995, "label": 0, "type": "negative", "near_mine": null }, "geometry": { "type": "Point", "coordinates": [ 80.926489574445995, 21.179391368907453 ] } },
{ "type": "Feature", "properties": { "lat": 22.141177572925347, "lon": 80.622554395138991, "label": 0, "type": "negative", "near_mine": null }, "geometry": { "type": "Point", "coordinates": [ 80.622554395138991, 22.141177572925347 ] } },
{ "type": "Feature", "properties": { "lat": 22.15645076993184, "lon": 80.487591192728786, "label": 0, "type": "negative", "near_mine": null }, "geometry": { "type": "Point", "coordinates": [ 80.487591192728786, 22.15645076993184 ] } },
{ "type": "Feature", "properties": { "lat": 21.784099244072991, "lon": 80.355082036717093, "label": 0, "type": "negative", "near_mine": null }, "geometry": { "type": "Point", "coordinates": [ 80.355082036717093, 21.784099244072991 ] } },
{ "type": "Feature", "properties": { "lat": 21.038128690116142, "lon": 79.71578285398661, "label": 0, "type": "negative", "near_mine": null }, "geometry": { "type": "Point", "coordinates": [ 79.71578285398661, 21.038128690116142 ] } },
{ "type": "Feature", "properties": { "lat": 21.047143778530103, "lon": 80.772820822527564, "label": 0, "type": "negative", "near_mine": null }, "geometry": { "type": "Point", "coordinates": [ 80.772820822527564, 21.047143778530103 ] } },
{ "type": "Feature", "properties": { "lat": 21.471533971614491, "lon": 80.517141382329399, "label": 0, "type": "negative", "near_mine": null }, "geometry": { "type": "Point", "coordinates": [ 80.517141382329399, 21.471533971614491 ] } },
{ "type": "Feature", "properties": { "lat": 22.36134971088914, "lon": 79.998584458297756, "label": 0, "type": "negative", "near_mine": null }, "geometry": { "type": "Point", "coordinates": [ 79.998584458297756, 22.36134971088914 ] } },
{ "type": "Feature", "properties": { "lat": 21.615574384553444, "lon": 81.011102277086096, "label": 0, "type": "negative", "near_mine": null }, "geometry": { "type": "Point", "coordinates": [ 81.011102277086096, 21.615574384553444 ] } },
{ "type": "Feature", "properties": { "lat": 21.343197248237434, "lon": 79.653959819657587, "label": 0, "type": "negative", "near_mine": null }, "geometry": { "type": "Point", "coordinates": [ 79.653959819657587, 21.343197248237434 ] } },
{ "type": "Feature", "properties": { "lat": 21.434627179370651, "lon": 79.822442574508003, "label": 0, "type": "negative", "near_mine": null }, "geometry": { "type": "Point", "coordinates": [ 79.822442574508003, 21.434627179370651 ] } },
{ "type": "Feature", "properties": { "lat": 22.39454647851386, "lon": 81.116240759128829, "label": 0, "type": "negative", "near_mine": null }, "geometry": { "type": "Point", "coordinates": [ 81.116240759128829, 22.39454647851386 ] } },
{ "type": "Feature", "properties": { "lat": 21.950105634765634, "lon": 81.242921180375433, "label": 0, "type": "negative", "near_mine": null }, "geometry": { "type": "Point", "coordinates": [ 81.242921180375433, 21.950105634765634 ] } },
{ "type": "Feature", "properties": { "lat": 22.205508115348671, "lon": 79.873140117772067, "label": 0, "type": "negative", "near_mine": null }, "geometry": { "type": "Point", "coordinates": [ 79.873140117772067, 22.205508115348671 ] } },
{ "type": "Feature", "properties": { "lat": 22.338838497734965, "lon": 80.578684483831296, "label": 0, "type": "negative", "near_mine": null }, "geometry": { "type": "Point", "coordinates": [ 80.578684483831296, 22.338838497734965 ] } },
{ "type": "Feature", "properties": { "lat": 22.211160232746092, "lon": 81.292182599846981, "label": 0, "type": "negative", "near_mine": null }, "geometry": { "type": "Point", "coordinates": [ 81.292182599846981, 22.211160232746092 ] } },
{ "type": "Feature", "properties": { "lat": 21.477005212457797, "lon": 79.720103849055349, "label": 0, "type": "negative", "near_mine": null }, "geometry": { "type": "Point", "coordinates": [ 79.720103849055349, 21.477005212457797 ] } },
{ "type": "Feature", "properties": { "lat": 21.341902743812913, "lon": 80.354215577252518, "label": 0, "type": "negative", "near_mine": null }, "geometry": { "type": "Point", "coordinates": [ 80.354215577252518, 21.341902743812913 ] } },
{ "type": "Feature", "properties": { "lat": 22.227022148883741, "lon": 81.221461166512682, "label": 0, "type": "negative", "near_mine": null }, "geometry": { "type": "Point", "coordinates": [ 81.221461166512682, 22.227022148883741 ] } },
{ "type": "Feature", "properties": { "lat": 21.010428195796788, "lon": 80.521494605155127, "label": 0, "type": "negative", "near_mine": null }, "geometry": { "type": "Point", "coordinates": [ 80.521494605155127, 21.010428195796788 ] } },
{ "type": "Feature", "properties": { "lat": 21.626116504723168, "lon": 79.944215620941463, "label": 0, "type": "negative", "near_mine": null }, "geometry": { "type": "Point", "coordinates": [ 79.944215620941463, 21.626116504723168 ] } },
{ "type": "Feature", "properties": { "lat": 21.179798051000525, "lon": 80.175230342807254, "label": 0, "type": "negative", "near_mine": null }, "geometry": { "type": "Point", "coordinates": [ 80.175230342807254, 21.179798051000525 ] } },
{ "type": "Feature", "properties": { "lat": 22.414364555868779, "lon": 80.146405864041512, "label": 0, "type": "negative", "near_mine": null }, "geometry": { "type": "Point", "coordinates": [ 80.146405864041512, 22.414364555868779 ] } },
{ "type": "Feature", "properties": { "lat": 21.778185932615049, "lon": 80.906037917790357, "label": 0, "type": "negative", "near_mine": null }, "geometry": { "type": "Point", "coordinates": [ 80.906037917790357, 21.778185932615049 ] } },
{ "type": "Feature", "properties": { "lat": 21.54544440356894, "lon": 81.443564165441927, "label": 0, "type": "negative", "near_mine": null }, "geometry": { "type": "Point", "coordinates": [ 81.443564165441927, 21.54544440356894 ] } },
{ "type": "Feature", "properties": { "lat": 22.443670942413167, "lon": 80.003564591650729, "label": 0, "type": "negative", "near_mine": null }, "geometry": { "type": "Point", "coordinates": [ 80.003564591650729, 22.443670942413167 ] } },
{ "type": "Feature", "properties": { "lat": 21.74587275883858, "lon": 80.101756619633534, "label": 0, "type": "negative", "near_mine": null }, "geometry": { "type": "Point", "coordinates": [ 80.101756619633534, 21.74587275883858 ] } },
{ "type": "Feature", "properties": { "lat": 21.427260741566201, "lon": 79.573773894709063, "label": 0, "type": "negative", "near_mine": null }, "geometry": { "type": "Point", "coordinates": [ 79.573773894709063, 21.427260741566201 ] } },
{ "type": "Feature", "properties": { "lat": 21.914346500969845, "lon": 80.505358046457729, "label": 0, "type": "negative", "near_mine": null }, "geometry": { "type": "Point", "coordinates": [ 80.505358046457729, 21.914346500969845 ] } },
{ "type": "Feature", "properties": { "lat": 21.077218126874985, "lon": 80.057292928473217, "label": 0, "type": "negative", "near_mine": null }, "geometry": { "type": "Point", "coordinates": [ 80.057292928473217, 21.077218126874985 ] } },
{ "type": "Feature", "properties": { "lat": 22.362398828949981, "lon": 79.979123781333939, "label": 0, "type": "negative", "near_mine": null }, "geometry": { "type": "Point", "coordinates": [ 79.979123781333939, 22.362398828949981 ] } },
{ "type": "Feature", "properties": { "lat": 21.217342308136836, "lon": 80.478905520555131, "label": 0, "type": "negative", "near_mine": null }, "geometry": { "type": "Point", "coordinates": [ 80.478905520555131, 21.217342308136836 ] } },
{ "type": "Feature", "properties": { "lat": 22.4784756811659, "lon": 79.984110543023007, "label": 0, "type": "negative", "near_mine": null }, "geometry": { "type": "Point", "coordinates": [ 79.984110543023007, 22.4784756811659 ] } },
{ "type": "Feature", "properties": { "lat": 22.008203321108816, "lon": 81.023239230657438, "label": 0, "type": "negative", "near_mine": null }, "geometry": { "type": "Point", "coordinates": [ 81.023239230657438, 22.008203321108816 ] } },
{ "type": "Feature", "properties": { "lat": 21.356456315988599, "lon": 80.956432697223718, "label": 0, "type": "negative", "near_mine": null }, "geometry": { "type": "Point", "coordinates": [ 80.956432697223718, 21.356456315988599 ] } },
{ "type": "Feature", "properties": { "lat": 21.55167469907888, "lon": 80.764611661187161, "label": 0, "type": "negative", "near_mine": null }, "geometry": { "type": "Point", "coordinates": [ 80.764611661187161, 21.55167469907888 ] } },
{ "type": "Feature", "properties": { "lat": 21.950294566141341, "lon": 80.571549368149519, "label": 0, "type": "negative", "near_mine": null }, "geometry": { "type": "Point", "coordinates": [ 80.571549368149519, 21.950294566141341 ] } },
{ "type": "Feature", "properties": { "lat": 21.135434655081614, "lon": 81.170604991178479, "label": 0, "type": "negative", "near_mine": null }, "geometry": { "type": "Point", "coordinates": [ 81.170604991178479, 21.135434655081614 ] } },
{ "type": "Feature", "properties": { "lat": 21.481170097457603, "lon": 79.873037020799714, "label": 0, "type": "negative", "near_mine": null }, "geometry": { "type": "Point", "coordinates": [ 79.873037020799714, 21.481170097457603 ] } },
{ "type": "Feature", "properties": { "lat": 21.061162712332145, "lon": 80.681785886376488, "label": 0, "type": "negative", "near_mine": null }, "geometry": { "type": "Point", "coordinates": [ 80.681785886376488, 21.061162712332145 ] } },
{ "type": "Feature", "properties": { "lat": 22.016346542763422, "lon": 79.533175657855708, "label": 0, "type": "negative", "near_mine": null }, "geometry": { "type": "Point", "coordinates": [ 79.533175657855708, 22.016346542763422 ] } },
{ "type": "Feature", "properties": { "lat": 21.768139587448921, "lon": 79.952991550395879, "label": 0, "type": "negative", "near_mine": null }, "geometry": { "type": "Point", "coordinates": [ 79.952991550395879, 21.768139587448921 ] } },
{ "type": "Feature", "properties": { "lat": 21.967759185614174, "lon": 79.848732858009981, "label": 0, "type": "negative", "near_mine": null }, "geometry": { "type": "Point", "coordinates": [ 79.848732858009981, 21.967759185614174 ] } },
{ "type": "Feature", "properties": { "lat": 22.036406607153697, "lon": 80.27347069260108, "label": 0, "type": "negative", "near_mine": null }, "geometry": { "type": "Point", "coordinates": [ 80.27347069260108, 22.036406607153697 ] } },
{ "type": "Feature", "properties": { "lat": 22.405094983105101, "lon": 79.77504188829198, "label": 0, "type": "negative", "near_mine": null }, "geometry": { "type": "Point", "coordinates": [ 79.77504188829198, 22.405094983105101 ] } },
{ "type": "Feature", "properties": { "lat": 21.511599526575388, "lon": 79.726947042481171, "label": 0, "type": "negative", "near_mine": null }, "geometry": { "type": "Point", "coordinates": [ 79.726947042481171, 21.511599526575388 ] } },
{ "type": "Feature", "properties": { "lat": 22.387040427417844, "lon": 81.254678706761965, "label": 0, "type": "negative", "near_mine": null }, "geometry": { "type": "Point", "coordinates": [ 81.254678706761965, 22.387040427417844 ] } },
{ "type": "Feature", "properties": { "lat": 21.386912441572733, "lon": 80.819968092068365, "label": 0, "type": "negative", "near_mine": null }, "geometry": { "type": "Point", "coordinates": [ 80.819968092068365, 21.386912441572733 ] } },
{ "type": "Feature", "properties": { "lat": 22.225833300301822, "lon": 80.610401623198925, "label": 0, "type": "negative", "near_mine": null }, "geometry": { "type": "Point", "coordinates": [ 80.610401623198925, 22.225833300301822 ] } },
{ "type": "Feature", "properties": { "lat": 21.794475867534011, "lon": 79.983704581800907, "label": 0, "type": "negative", "near_mine": null }, "geometry": { "type": "Point", "coordinates": [ 79.983704581800907, 21.794475867534011 ] } },
{ "type": "Feature", "properties": { "lat": 21.13965415170885, "lon": 81.294431515906652, "label": 0, "type": "negative", "near_mine": null }, "geometry": { "type": "Point", "coordinates": [ 81.294431515906652, 21.13965415170885 ] } },
{ "type": "Feature", "properties": { "lat": 22.350627085744996, "lon": 80.76620291454654, "label": 0, "type": "negative", "near_mine": null }, "geometry": { "type": "Point", "coordinates": [ 80.76620291454654, 22.350627085744996 ] } },
{ "type": "Feature", "properties": { "lat": 21.50854468657305, "lon": 80.198419149225316, "label": 0, "type": "negative", "near_mine": null }, "geometry": { "type": "Point", "coordinates": [ 80.198419149225316, 21.50854468657305 ] } },
{ "type": "Feature", "properties": { "lat": 22.08893351830536, "lon": 81.294220519905153, "label": 0, "type": "negative", "near_mine": null }, "geometry": { "type": "Point", "coordinates": [ 81.294220519905153, 22.08893351830536 ] } },
{ "type": "Feature", "properties": { "lat": 22.330629636397674, "lon": 81.059751091715242, "label": 0, "type": "negative", "near_mine": null }, "geometry": { "type": "Point", "coordinates": [ 81.059751091715242, 22.330629636397674 ] } },
{ "type": "Feature", "properties": { "lat": 21.96304746923143, "lon": 79.668279929990092, "label": 0, "type": "negative", "near_mine": null }, "geometry": { "type": "Point", "coordinates": [ 79.668279929990092, 21.96304746923143 ] } },
{ "type": "Feature", "properties": { "lat": 21.242443071141921, "lon": 81.297108377054158, "label": 0, "type": "negative", "near_mine": null }, "geometry": { "type": "Point", "coordinates": [ 81.297108377054158, 21.242443071141921 ] } },
{ "type": "Feature", "properties": { "lat": 21.909643589489384, "lon": 79.518394103233263, "label": 0, "type": "negative", "near_mine": null }, "geometry": { "type": "Point", "coordinates": [ 79.518394103233263, 21.909643589489384 ] } },
{ "type": "Feature", "properties": { "lat": 21.152207314299048, "lon": 80.827003538216118, "label": 0, "type": "negative", "near_mine": null }, "geometry": { "type": "Point", "coordinates": [ 80.827003538216118, 21.152207314299048 ] } },
{ "type": "Feature", "properties": { "lat": 21.007592375769327, "lon": 79.821616102834994, "label": 0, "type": "negative", "near_mine": null }, "geometry": { "type": "Point", "coordinates": [ 79.821616102834994, 21.007592375769327 ] } },
{ "type": "Feature", "properties": { "lat": 21.82310068404988, "lon": 80.88379039538539, "label": 0, "type": "negative", "near_mine": null }, "geometry": { "type": "Point", "coordinates": [ 80.88379039538539, 21.82310068404988 ] } },
{ "type": "Feature", "properties": { "lat": 21.977941889253902, "lon": 79.94853861892112, "label": 0, "type": "negative", "near_mine": null }, "geometry": { "type": "Point", "coordinates": [ 79.94853861892112, 21.977941889253902 ] } },
{ "type": "Feature", "properties": { "lat": 22.068268832021303, "lon": 79.974498174993599, "label": 0, "type": "negative", "near_mine": null }, "geometry": { "type": "Point", "coordinates": [ 79.974498174993599, 22.068268832021303 ] } },
{ "type": "Feature", "properties": { "lat": 21.488099547238903, "lon": 80.992982810236043, "label": 0, "type": "negative", "near_mine": null }, "geometry": { "type": "Point", "coordinates": [ 80.992982810236043, 21.488099547238903 ] } },
{ "type": "Feature", "properties": { "lat": 21.974449348570822, "lon": 81.198446820988352, "label": 0, "type": "negative", "near_mine": null }, "geometry": { "type": "Point", "coordinates": [ 81.198446820988352, 21.974449348570822 ] } },
{ "type": "Feature", "properties": { "lat": 21.986419338450514, "lon": 80.636617206670948, "label": 0, "type": "negative", "near_mine": null }, "geometry": { "type": "Point", "coordinates": [ 80.636617206670948, 21.986419338450514 ] } },
{ "type": "Feature", "properties": { "lat": 21.14051215174214, "lon": 80.235431606118865, "label": 0, "type": "negative", "near_mine": null }, "geometry": { "type": "Point", "coordinates": [ 80.235431606118865, 21.14051215174214 ] } },
{ "type": "Feature", "properties": { "lat": 21.397803551522589, "lon": 79.987979286758161, "label": 0, "type": "negative", "near_mine": null }, "geometry": { "type": "Point", "coordinates": [ 79.987979286758161, 21.397803551522589 ] } },
{ "type": "Feature", "properties": { "lat": 22.45951583212867, "lon": 80.286195449333519, "label": 0, "type": "negative", "near_mine": null }, "geometry": { "type": "Point", "coordinates": [ 80.286195449333519, 22.45951583212867 ] } },
{ "type": "Feature", "properties": { "lat": 22.338069832765669, "lon": 80.762277251994533, "label": 0, "type": "negative", "near_mine": null }, "geometry": { "type": "Point", "coordinates": [ 80.762277251994533, 22.338069832765669 ] } },
{ "type": "Feature", "properties": { "lat": 22.192216955312471, "lon": 80.505274186210386, "label": 0, "type": "negative", "near_mine": null }, "geometry": { "type": "Point", "coordinates": [ 80.505274186210386, 22.192216955312471 ] } },
{ "type": "Feature", "properties": { "lat": 21.865355826939538, "lon": 80.485035387637723, "label": 0, "type": "negative", "near_mine": null }, "geometry": { "type": "Point", "coordinates": [ 80.485035387637723, 21.865355826939538 ] } },
{ "type": "Feature", "properties": { "lat": 21.292864481697066, "lon": 80.944904230523008, "label": 0, "type": "negative", "near_mine": null }, "geometry": { "type": "Point", "coordinates": [ 80.944904230523008, 21.292864481697066 ] } },
{ "type": "Feature", "properties": { "lat": 21.421158543661285, "lon": 79.548631932862904, "label": 0, "type": "negative", "near_mine": null }, "geometry": { "type": "Point", "coordinates": [ 79.548631932862904, 21.421158543661285 ] } },
{ "type": "Feature", "properties": { "lat": 21.968208443860753, "lon": 79.854221358814101, "label": 0, "type": "negative", "near_mine": null }, "geometry": { "type": "Point", "coordinates": [ 79.854221358814101, 21.968208443860753 ] } },
{ "type": "Feature", "properties": { "lat": 22.410687876529373, "lon": 81.407857154005171, "label": 0, "type": "negative", "near_mine": null }, "geometry": { "type": "Point", "coordinates": [ 81.407857154005171, 22.410687876529373 ] } },
{ "type": "Feature", "properties": { "lat": 22.372296585330673, "lon": 80.240317400510889, "label": 0, "type": "negative", "near_mine": null }, "geometry": { "type": "Point", "coordinates": [ 80.240317400510889, 22.372296585330673 ] } },
{ "type": "Feature", "properties": { "lat": 21.023184924793302, "lon": 81.356637125175453, "label": 0, "type": "negative", "near_mine": null }, "geometry": { "type": "Point", "coordinates": [ 81.356637125175453, 21.023184924793302 ] } },
{ "type": "Feature", "properties": { "lat": 21.642276222475971, "lon": 81.433309638087337, "label": 0, "type": "negative", "near_mine": null }, "geometry": { "type": "Point", "coordinates": [ 81.433309638087337, 21.642276222475971 ] } },
{ "type": "Feature", "properties": { "lat": 22.445429965633878, "lon": 81.206018910934716, "label": 0, "type": "negative", "near_mine": null }, "geometry": { "type": "Point", "coordinates": [ 81.206018910934716, 22.445429965633878 ] } },
{ "type": "Feature", "properties": { "lat": 21.44167333810438, "lon": 80.270195457203855, "label": 0, "type": "negative", "near_mine": null }, "geometry": { "type": "Point", "coordinates": [ 80.270195457203855, 21.44167333810438 ] } },
{ "type": "Feature", "properties": { "lat": 22.276705007275286, "lon": 80.133844010312558, "label": 0, "type": "negative", "near_mine": null }, "geometry": { "type": "Point", "coordinates": [ 80.133844010312558, 22.276705007275286 ] } },
{ "type": "Feature", "properties": { "lat": 21.254239120029141, "lon": 80.613602524916701, "label": 0, "type": "negative", "near_mine": null }, "geometry": { "type": "Point", "coordinates": [ 80.613602524916701, 21.254239120029141 ] } },
{ "type": "Feature", "properties": { "lat": 22.404232161241172, "lon": 80.892059593349941, "label": 0, "type": "negative", "near_mine": null }, "geometry": { "type": "Point", "coordinates": [ 80.892059593349941, 22.404232161241172 ] } },
{ "type": "Feature", "properties": { "lat": 21.855091755134048, "lon": 79.694352987541535, "label": 0, "type": "negative", "near_mine": null }, "geometry": { "type": "Point", "coordinates": [ 79.694352987541535, 21.855091755134048 ] } },
{ "type": "Feature", "properties": { "lat": 21.922510840048755, "lon": 81.480107700208521, "label": 0, "type": "negative", "near_mine": null }, "geometry": { "type": "Point", "coordinates": [ 81.480107700208521, 21.922510840048755 ] } },
{ "type": "Feature", "properties": { "lat": 21.210126022854787, "lon": 80.536659304727479, "label": 0, "type": "negative", "near_mine": null }, "geometry": { "type": "Point", "coordinates": [ 80.536659304727479, 21.210126022854787 ] } },
{ "type": "Feature", "properties": { "lat": 22.316059607891933, "lon": 80.981537235508412, "label": 0, "type": "negative", "near_mine": null }, "geometry": { "type": "Point", "coordinates": [ 80.981537235508412, 22.316059607891933 ] } },
{ "type": "Feature", "properties": { "lat": 22.045523611492904, "lon": 80.904968167974218, "label": 0, "type": "negative", "near_mine": null }, "geometry": { "type": "Point", "coordinates": [ 80.904968167974218, 22.045523611492904 ] } },
{ "type": "Feature", "properties": { "lat": 21.539236726829632, "lon": 80.087183688528981, "label": 0, "type": "negative", "near_mine": null }, "geometry": { "type": "Point", "coordinates": [ 80.087183688528981, 21.539236726829632 ] } },
{ "type": "Feature", "properties": { "lat": 22.214041733217769, "lon": 81.120226789358355, "label": 0, "type": "negative", "near_mine": null }, "geometry": { "type": "Point", "coordinates": [ 81.120226789358355, 22.214041733217769 ] } },
{ "type": "Feature", "properties": { "lat": 22.300608477870156, "lon": 81.326481105112947, "label": 0, "type": "negative", "near_mine": null }, "geometry": { "type": "Point", "coordinates": [ 81.326481105112947, 22.300608477870156 ] } },
{ "type": "Feature", "properties": { "lat": 21.767013598291406, "lon": 80.503032589374399, "label": 0, "type": "negative", "near_mine": null }, "geometry": { "type": "Point", "coordinates": [ 80.503032589374399, 21.767013598291406 ] } },
{ "type": "Feature", "properties": { "lat": 22.197442768450163, "lon": 80.799927861555531, "label": 0, "type": "negative", "near_mine": null }, "geometry": { "type": "Point", "coordinates": [ 80.799927861555531, 22.197442768450163 ] } },
{ "type": "Feature", "properties": { "lat": 22.052950315886555, "lon": 81.091585338872207, "label": 0, "type": "negative", "near_mine": null }, "geometry": { "type": "Point", "coordinates": [ 81.091585338872207, 22.052950315886555 ] } },
{ "type": "Feature", "properties": { "lat": 22.335008012726348, "lon": 80.175990313703068, "label": 0, "type": "negative", "near_mine": null }, "geometry": { "type": "Point", "coordinates": [ 80.175990313703068, 22.335008012726348 ] } },
{ "type": "Feature", "properties": { "lat": 21.86742021149426, "lon": 79.571884547593484, "label": 0, "type": "negative", "near_mine": null }, "geometry": { "type": "Point", "coordinates": [ 79.571884547593484, 21.86742021149426 ] } },
{ "type": "Feature", "properties": { "lat": 21.698397027198691, "lon": 80.585289269415156, "label": 0, "type": "negative", "near_mine": null }, "geometry": { "type": "Point", "coordinates": [ 80.585289269415156, 21.698397027198691 ] } },
{ "type": "Feature", "properties": { "lat": 21.429811878192428, "lon": 80.681666521138027, "label": 0, "type": "negative", "near_mine": null }, "geometry": { "type": "Point", "coordinates": [ 80.681666521138027, 21.429811878192428 ] } },
{ "type": "Feature", "properties": { "lat": 21.045750374908575, "lon": 79.574696377498427, "label": 0, "type": "negative", "near_mine": null }, "geometry": { "type": "Point", "coordinates": [ 79.574696377498427, 21.045750374908575 ] } },
{ "type": "Feature", "properties": { "lat": 22.233900840989488, "lon": 80.22038128282253, "label": 0, "type": "negative", "near_mine": null }, "geometry": { "type": "Point", "coordinates": [ 80.22038128282253, 22.233900840989488 ] } },
{ "type": "Feature", "properties": { "lat": 21.190590768977827, "lon": 80.544486520109615, "label": 0, "type": "negative", "near_mine": null }, "geometry": { "type": "Point", "coordinates": [ 80.544486520109615, 21.190590768977827 ] } },
{ "type": "Feature", "properties": { "lat": 22.154990329647916, "lon": 79.931642054993688, "label": 0, "type": "negative", "near_mine": null }, "geometry": { "type": "Point", "coordinates": [ 79.931642054993688, 22.154990329647916 ] } },
{ "type": "Feature", "properties": { "lat": 21.934335713728501, "lon": 79.670694929987533, "label": 0, "type": "negative", "near_mine": null }, "geometry": { "type": "Point", "coordinates": [ 79.670694929987533, 21.934335713728501 ] } },
{ "type": "Feature", "properties": { "lat": 21.077522581752913, "lon": 80.562709263136298, "label": 0, "type": "negative", "near_mine": null }, "geometry": { "type": "Point", "coordinates": [ 80.562709263136298, 21.077522581752913 ] } },
{ "type": "Feature", "properties": { "lat": 21.810952682415159, "lon": 80.774859802996417, "label": 0, "type": "negative", "near_mine": null }, "geometry": { "type": "Point", "coordinates": [ 80.774859802996417, 21.810952682415159 ] } },
{ "type": "Feature", "properties": { "lat": 22.089137000583992, "lon": 81.451704158925068, "label": 0, "type": "negative", "near_mine": null }, "geometry": { "type": "Point", "coordinates": [ 81.451704158925068, 22.089137000583992 ] } },
{ "type": "Feature", "properties": { "lat": 22.192779292153055, "lon": 80.041664502524142, "label": 0, "type": "negative", "near_mine": null }, "geometry": { "type": "Point", "coordinates": [ 80.041664502524142, 22.192779292153055 ] } },
{ "type": "Feature", "properties": { "lat": 21.658457131058455, "lon": 79.656912762684527, "label": 0, "type": "negative", "near_mine": null }, "geometry": { "type": "Point", "coordinates": [ 79.656912762684527, 21.658457131058455 ] } },
{ "type": "Feature", "properties": { "lat": 21.038026115123188, "lon": 81.425296829355844, "label": 0, "type": "negative", "near_mine": null }, "geometry": { "type": "Point", "coordinates": [ 81.425296829355844, 21.038026115123188 ] } },
{ "type": "Feature", "properties": { "lat": 22.253970180768309, "lon": 80.891948412187389, "label": 0, "type": "negative", "near_mine": null }, "geometry": { "type": "Point", "coordinates": [ 80.891948412187389, 22.253970180768309 ] } },
{ "type": "Feature", "properties": { "lat": 21.613429416621404, "lon": 79.84658864014169, "label": 0, "type": "negative", "near_mine": null }, "geometry": { "type": "Point", "coordinates": [ 79.84658864014169, 21.613429416621404 ] } },
{ "type": "Feature", "properties": { "lat": 21.23465556400663, "lon": 80.000485796329187, "label": 0, "type": "negative", "near_mine": null }, "geometry": { "type": "Point", "coordinates": [ 80.000485796329187, 21.23465556400663 ] } },
{ "type": "Feature", "properties": { "lat": 21.823839997059181, "lon": 80.929191845400126, "label": 0, "type": "negative", "near_mine": null }, "geometry": { "type": "Point", "coordinates": [ 80.929191845400126, 21.823839997059181 ] } },
{ "type": "Feature", "properties": { "lat": 21.990296065076596, "lon": 80.059867793891883, "label": 0, "type": "negative", "near_mine": null }, "geometry": { "type": "Point", "coordinates": [ 80.059867793891883, 21.990296065076596 ] } },
{ "type": "Feature", "properties": { "lat": 22.432297920994792, "lon": 80.975793833391535, "label": 0, "type": "negative", "near_mine": null }, "geometry": { "type": "Point", "coordinates": [ 80.975793833391535, 22.432297920994792 ] } },
{ "type": "Feature", "properties": { "lat": 21.8315310787671, "lon": 80.723441492468709, "label": 0, "type": "negative", "near_mine": null }, "geometry": { "type": "Point", "coordinates": [ 80.723441492468709, 21.8315310787671 ] } },
{ "type": "Feature", "properties": { "lat": 21.629400093641685, "lon": 79.995461979002314, "label": 0, "type": "negative", "near_mine": null }, "geometry": { "type": "Point", "coordinates": [ 79.995461979002314, 21.629400093641685 ] } },
{ "type": "Feature", "properties": { "lat": 21.533959017976894, "lon": 81.015692220928742, "label": 0, "type": "negative", "near_mine": null }, "geometry": { "type": "Point", "coordinates": [ 81.015692220928742, 21.533959017976894 ] } },
{ "type": "Feature", "properties": { "lat": 21.021590232944632, "lon": 79.732145281013828, "label": 0, "type": "negative", "near_mine": null }, "geometry": { "type": "Point", "coordinates": [ 79.732145281013828, 21.021590232944632 ] } },
{ "type": "Feature", "properties": { "lat": 21.069003963032628, "lon": 79.581457604637947, "label": 0, "type": "negative", "near_mine": null }, "geometry": { "type": "Point", "coordinates": [ 79.581457604637947, 21.069003963032628 ] } },
{ "type": "Feature", "properties": { "lat": 22.283190876016512, "lon": 80.907315718760046, "label": 0, "type": "negative", "near_mine": null }, "geometry": { "type": "Point", "coordinates": [ 80.907315718760046, 22.283190876016512 ] } },
{ "type": "Feature", "properties": { "lat": 21.737423812675249, "lon": 80.446943541561126, "label": 0, "type": "negative", "near_mine": null }, "geometry": { "type": "Point", "coordinates": [ 80.446943541561126, 21.737423812675249 ] } },
{ "type": "Feature", "properties": { "lat": 21.259802804865021, "lon": 80.367703298475945, "label": 0, "type": "negative", "near_mine": null }, "geometry": { "type": "Point", "coordinates": [ 80.367703298475945, 21.259802804865021 ] } },
{ "type": "Feature", "properties": { "lat": 21.597757101596059, "lon": 80.731700196104427, "label": 0, "type": "negative", "near_mine": null }, "geometry": { "type": "Point", "coordinates": [ 80.731700196104427, 21.597757101596059 ] } },
{ "type": "Feature", "properties": { "lat": 21.952640476301465, "lon": 79.590608019544092, "label": 0, "type": "negative", "near_mine": null }, "geometry": { "type": "Point", "coordinates": [ 79.590608019544092, 21.952640476301465 ] } },
{ "type": "Feature", "properties": { "lat": 21.561918921939707, "lon": 80.751719831428474, "label": 0, "type": "negative", "near_mine": null }, "geometry": { "type": "Point", "coordinates": [ 80.751719831428474, 21.561918921939707 ] } },
{ "type": "Feature", "properties": { "lat": 21.754704387870131, "lon": 81.212979682376641, "label": 0, "type": "negative", "near_mine": null }, "geometry": { "type": "Point", "coordinates": [ 81.212979682376641, 21.754704387870131 ] } },
{ "type": "Feature", "properties": { "lat": 21.988040447428418, "lon": 79.825868854162863, "label": 0, "type": "negative", "near_mine": null }, "geometry": { "type": "Point", "coordinates": [ 79.825868854162863, 21.988040447428418 ] } },
{ "type": "Feature", "properties": { "lat": 21.105853121100644, "lon": 80.784838556412637, "label": 0, "type": "negative", "near_mine": null }, "geometry": { "type": "Point", "coordinates": [ 80.784838556412637, 21.105853121100644 ] } },
{ "type": "Feature", "properties": { "lat": 21.039766965812433, "lon": 80.671551162546933, "label": 0, "type": "negative", "near_mine": null }, "geometry": { "type": "Point", "coordinates": [ 80.671551162546933, 21.039766965812433 ] } },
{ "type": "Feature", "properties": { "lat": 22.410345362137438, "lon": 80.650948355751751, "label": 0, "type": "negative", "near_mine": null }, "geometry": { "type": "Point", "coordinates": [ 80.650948355751751, 22.410345362137438 ] } },
{ "type": "Feature", "properties": { "lat": 21.582254889309784, "lon": 80.786576436884701, "label": 0, "type": "negative", "near_mine": null }, "geometry": { "type": "Point", "coordinates": [ 80.786576436884701, 21.582254889309784 ] } },
{ "type": "Feature", "properties": { "lat": 21.687379335737276, "lon": 80.591233578631872, "label": 0, "type": "negative", "near_mine": null }, "geometry": { "type": "Point", "coordinates": [ 80.591233578631872, 21.687379335737276 ] } },
{ "type": "Feature", "properties": { "lat": 22.412197213164788, "lon": 80.27220527560155, "label": 0, "type": "negative", "near_mine": null }, "geometry": { "type": "Point", "coordinates": [ 80.27220527560155, 22.412197213164788 ] } },
{ "type": "Feature", "properties": { "lat": 22.441785845735872, "lon": 81.310701283912124, "label": 0, "type": "negative", "near_mine": null }, "geometry": { "type": "Point", "coordinates": [ 81.310701283912124, 22.441785845735872 ] } },
{ "type": "Feature", "properties": { "lat": 21.293686702183944, "lon": 79.638722601750331, "label": 0, "type": "negative", "near_mine": null }, "geometry": { "type": "Point", "coordinates": [ 79.638722601750331, 21.293686702183944 ] } },
{ "type": "Feature", "properties": { "lat": 21.151167002066138, "lon": 79.536443651303102, "label": 0, "type": "negative", "near_mine": null }, "geometry": { "type": "Point", "coordinates": [ 79.536443651303102, 21.151167002066138 ] } },
{ "type": "Feature", "properties": { "lat": 21.141664441133894, "lon": 80.866013546832718, "label": 0, "type": "negative", "near_mine": null }, "geometry": { "type": "Point", "coordinates": [ 80.866013546832718, 21.141664441133894 ] } },
{ "type": "Feature", "properties": { "lat": 21.106782972690343, "lon": 80.137951260587528, "label": 0, "type": "negative", "near_mine": null }, "geometry": { "type": "Point", "coordinates": [ 80.137951260587528, 21.106782972690343 ] } },
{ "type": "Feature", "properties": { "lat": 22.267312966454181, "lon": 79.546543871471656, "label": 0, "type": "negative", "near_mine": null }, "geometry": { "type": "Point", "coordinates": [ 79.546543871471656, 22.267312966454181 ] } },
{ "type": "Feature", "properties": { "lat": 22.221702723883404, "lon": 80.0637095495468, "label": 0, "type": "negative", "near_mine": null }, "geometry": { "type": "Point", "coordinates": [ 80.0637095495468, 22.221702723883404 ] } },
{ "type": "Feature", "properties": { "lat": 21.177247241432486, "lon": 80.893474330728296, "label": 0, "type": "negative", "near_mine": null }, "geometry": { "type": "Point", "coordinates": [ 80.893474330728296, 21.177247241432486 ] } },
{ "type": "Feature", "properties": { "lat": 21.943414270169825, "lon": 81.254944027054108, "label": 0, "type": "negative", "near_mine": null }, "geometry": { "type": "Point", "coordinates": [ 81.254944027054108, 21.943414270169825 ] } },
{ "type": "Feature", "properties": { "lat": 22.102606565705827, "lon": 81.106961860769701, "label": 0, "type": "negative", "near_mine": null }, "geometry": { "type": "Point", "coordinates": [ 81.106961860769701, 22.102606565705827 ] } },
{ "type": "Feature", "properties": { "lat": 21.423051858856958, "lon": 79.854879087559439, "label": 0, "type": "negative", "near_mine": null }, "geometry": { "type": "Point", "coordinates": [ 79.854879087559439, 21.423051858856958 ] } },
{ "type": "Feature", "properties": { "lat": 22.125922127461287, "lon": 81.113669478534533, "label": 0, "type": "negative", "near_mine": null }, "geometry": { "type": "Point", "coordinates": [ 81.113669478534533, 22.125922127461287 ] } },
{ "type": "Feature", "properties": { "lat": 22.485757713001011, "lon": 80.325235353822848, "label": 0, "type": "negative", "near_mine": null }, "geometry": { "type": "Point", "coordinates": [ 80.325235353822848, 22.485757713001011 ] } },
{ "type": "Feature", "properties": { "lat": 21.558027128689176, "lon": 81.052825921484001, "label": 0, "type": "negative", "near_mine": null }, "geometry": { "type": "Point", "coordinates": [ 81.052825921484001, 21.558027128689176 ] } },
{ "type": "Feature", "properties": { "lat": 21.511205310379527, "lon": 81.361514651207131, "label": 0, "type": "negative", "near_mine": null }, "geometry": { "type": "Point", "coordinates": [ 81.361514651207131, 21.511205310379527 ] } },
{ "type": "Feature", "properties": { "lat": 22.287619127764518, "lon": 80.357988054750038, "label": 0, "type": "negative", "near_mine": null }, "geometry": { "type": "Point", "coordinates": [ 80.357988054750038, 22.287619127764518 ] } },
{ "type": "Feature", "properties": { "lat": 22.126306601687247, "lon": 81.009085748169369, "label": 0, "type": "negative", "near_mine": null }, "geometry": { "type": "Point", "coordinates": [ 81.009085748169369, 22.126306601687247 ] } },
{ "type": "Feature", "properties": { "lat": 21.154685803253898, "lon": 81.305105813359134, "label": 0, "type": "negative", "near_mine": null }, "geometry": { "type": "Point", "coordinates": [ 81.305105813359134, 21.154685803253898 ] } },
{ "type": "Feature", "properties": { "lat": 21.757878558671784, "lon": 81.152914932215481, "label": 0, "type": "negative", "near_mine": null }, "geometry": { "type": "Point", "coordinates": [ 81.152914932215481, 21.757878558671784 ] } },
{ "type": "Feature", "properties": { "lat": 21.480074401545917, "lon": 81.291046456992405, "label": 0, "type": "negative", "near_mine": null }, "geometry": { "type": "Point", "coordinates": [ 81.291046456992405, 21.480074401545917 ] } },
{ "type": "Feature", "properties": { "lat": 21.583802518101244, "lon": 79.521675302960602, "label": 0, "type": "negative", "near_mine": null }, "geometry": { "type": "Point", "coordinates": [ 79.521675302960602, 21.583802518101244 ] } },
{ "type": "Feature", "properties": { "lat": 22.358072964628896, "lon": 79.682573353572266, "label": 0, "type": "negative", "near_mine": null }, "geometry": { "type": "Point", "coordinates": [ 79.682573353572266, 22.358072964628896 ] } },
{ "type": "Feature", "properties": { "lat": 21.478970456385621, "lon": 81.400123934101615, "label": 0, "type": "negative", "near_mine": null }, "geometry": { "type": "Point", "coordinates": [ 81.400123934101615, 21.478970456385621 ] } },
{ "type": "Feature", "properties": { "lat": 22.425910720406335, "lon": 80.646875776246574, "label": 0, "type": "negative", "near_mine": null }, "geometry": { "type": "Point", "coordinates": [ 80.646875776246574, 22.425910720406335 ] } },
{ "type": "Feature", "properties": { "lat": 21.947755818254699, "lon": 80.396891043956643, "label": 0, "type": "negative", "near_mine": null }, "geometry": { "type": "Point", "coordinates": [ 80.396891043956643, 21.947755818254699 ] } },
{ "type": "Feature", "properties": { "lat": 21.439816157547096, "lon": 80.157329090739836, "label": 0, "type": "negative", "near_mine": null }, "geometry": { "type": "Point", "coordinates": [ 80.157329090739836, 21.439816157547096 ] } },
{ "type": "Feature", "properties": { "lat": 22.008777684115557, "lon": 81.004749058875362, "label": 0, "type": "negative", "near_mine": null }, "geometry": { "type": "Point", "coordinates": [ 81.004749058875362, 22.008777684115557 ] } },
{ "type": "Feature", "properties": { "lat": 22.187368565588773, "lon": 81.079236285589104, "label": 0, "type": "negative", "near_mine": null }, "geometry": { "type": "Point", "coordinates": [ 81.079236285589104, 22.187368565588773 ] } },
{ "type": "Feature", "properties": { "lat": 21.136809154573037, "lon": 80.488840609405159, "label": 0, "type": "negative", "near_mine": null }, "geometry": { "type": "Point", "coordinates": [ 80.488840609405159, 21.136809154573037 ] } },
{ "type": "Feature", "properties": { "lat": 21.086338140024967, "lon": 80.599057764647469, "label": 0, "type": "negative", "near_mine": null }, "geometry": { "type": "Point", "coordinates": [ 80.599057764647469, 21.086338140024967 ] } },
{ "type": "Feature", "properties": { "lat": 21.662295752060064, "lon": 81.275408365516597, "label": 0, "type": "negative", "near_mine": null }, "geometry": { "type": "Point", "coordinates": [ 81.275408365516597, 21.662295752060064 ] } },
{ "type": "Feature", "properties": { "lat": 21.526372518828119, "lon": 79.734134032855209, "label": 0, "type": "negative", "near_mine": null }, "geometry": { "type": "Point", "coordinates": [ 79.734134032855209, 21.526372518828119 ] } },
{ "type": "Feature", "properties": { "lat": 21.214487523079253, "lon": 81.023021263434941, "label": 0, "type": "negative", "near_mine": null }, "geometry": { "type": "Point", "coordinates": [ 81.023021263434941, 21.214487523079253 ] } },
{ "type": "Feature", "properties": { "lat": 21.927327094974391, "lon": 79.702245352245583, "label": 0, "type": "negative", "near_mine": null }, "geometry": { "type": "Point", "coordinates": [ 79.702245352245583, 21.927327094974391 ] } },
{ "type": "Feature", "properties": { "lat": 21.126160209172497, "lon": 80.901938262918236, "label": 0, "type": "negative", "near_mine": null }, "geometry": { "type": "Point", "coordinates": [ 80.901938262918236, 21.126160209172497 ] } },
{ "type": "Feature", "properties": { "lat": 21.10914450954629, "lon": 81.143720118580717, "label": 0, "type": "negative", "near_mine": null }, "geometry": { "type": "Point", "coordinates": [ 81.143720118580717, 21.10914450954629 ] } },
{ "type": "Feature", "properties": { "lat": 22.059363340734745, "lon": 79.662697561283807, "label": 0, "type": "negative", "near_mine": null }, "geometry": { "type": "Point", "coordinates": [ 79.662697561283807, 22.059363340734745 ] } },
{ "type": "Feature", "properties": { "lat": 21.127256571127788, "lon": 81.473279157002352, "label": 0, "type": "negative", "near_mine": null }, "geometry": { "type": "Point", "coordinates": [ 81.473279157002352, 21.127256571127788 ] } },
{ "type": "Feature", "properties": { "lat": 21.561406193634181, "lon": 80.241284294133777, "label": 0, "type": "negative", "near_mine": null }, "geometry": { "type": "Point", "coordinates": [ 80.241284294133777, 21.561406193634181 ] } },
{ "type": "Feature", "properties": { "lat": 22.219199350886253, "lon": 81.39449715476772, "label": 0, "type": "negative", "near_mine": null }, "geometry": { "type": "Point", "coordinates": [ 81.39449715476772, 22.219199350886253 ] } },
{ "type": "Feature", "properties": { "lat": 22.479001595734307, "lon": 81.006756370517877, "label": 0, "type": "negative", "near_mine": null }, "geometry": { "type": "Point", "coordinates": [ 81.006756370517877, 22.479001595734307 ] } },
{ "type": "Feature", "properties": { "lat": 21.564389378296372, "lon": 79.667001433397331, "label": 0, "type": "negative", "near_mine": null }, "geometry": { "type": "Point", "coordinates": [ 79.667001433397331, 21.564389378296372 ] } },
{ "type": "Feature", "properties": { "lat": 22.165720373891155, "lon": 80.616808499471617, "label": 0, "type": "negative", "near_mine": null }, "geometry": { "type": "Point", "coordinates": [ 80.616808499471617, 22.165720373891155 ] } },
{ "type": "Feature", "properties": { "lat": 21.636333013870463, "lon": 81.312708770189474, "label": 0, "type": "negative", "near_mine": null }, "geometry": { "type": "Point", "coordinates": [ 81.312708770189474, 21.636333013870463 ] } },
{ "type": "Feature", "properties": { "lat": 21.166796223459226, "lon": 80.485250208581718, "label": 0, "type": "negative", "near_mine": null }, "geometry": { "type": "Point", "coordinates": [ 80.485250208581718, 21.166796223459226 ] } },
{ "type": "Feature", "properties": { "lat": 21.01703046715113, "lon": 80.437321283988254, "label": 0, "type": "negative", "near_mine": null }, "geometry": { "type": "Point", "coordinates": [ 80.437321283988254, 21.01703046715113 ] } },
{ "type": "Feature", "properties": { "lat": 21.084454913522755, "lon": 79.737635832536142, "label": 0, "type": "negative", "near_mine": null }, "geometry": { "type": "Point", "coordinates": [ 79.737635832536142, 21.084454913522755 ] } },
{ "type": "Feature", "properties": { "lat": 21.176289370165659, "lon": 80.79842060423212, "label": 0, "type": "negative", "near_mine": null }, "geometry": { "type": "Point", "coordinates": [ 80.79842060423212, 21.176289370165659 ] } },
{ "type": "Feature", "properties": { "lat": 22.119067318898136, "lon": 80.666737530194325, "label": 0, "type": "negative", "near_mine": null }, "geometry": { "type": "Point", "coordinates": [ 80.666737530194325, 22.119067318898136 ] } },
{ "type": "Feature", "properties": { "lat": 22.443258822711812, "lon": 80.249741159047403, "label": 0, "type": "negative", "near_mine": null }, "geometry": { "type": "Point", "coordinates": [ 80.249741159047403, 22.443258822711812 ] } },
{ "type": "Feature", "properties": { "lat": 21.428568129422793, "lon": 81.237198256378917, "label": 0, "type": "negative", "near_mine": null }, "geometry": { "type": "Point", "coordinates": [ 81.237198256378917, 21.428568129422793 ] } },
{ "type": "Feature", "properties": { "lat": 21.33539375777918, "lon": 81.426445078881216, "label": 0, "type": "negative", "near_mine": null }, "geometry": { "type": "Point", "coordinates": [ 81.426445078881216, 21.33539375777918 ] } },
{ "type": "Feature", "properties": { "lat": 21.018231712034723, "lon": 81.439757653415285, "label": 0, "type": "negative", "near_mine": null }, "geometry": { "type": "Point", "coordinates": [ 81.439757653415285, 21.018231712034723 ] } },
{ "type": "Feature", "properties": { "lat": 21.064739867925866, "lon": 81.282286227396142, "label": 0, "type": "negative", "near_mine": null }, "geometry": { "type": "Point", "coordinates": [ 81.282286227396142, 21.064739867925866 ] } },
{ "type": "Feature", "properties": { "lat": 21.791551663629448, "lon": 81.485929592238605, "label": 0, "type": "negative", "near_mine": null }, "geometry": { "type": "Point", "coordinates": [ 81.485929592238605, 21.791551663629448 ] } },
{ "type": "Feature", "properties": { "lat": 21.110694847103098, "lon": 80.607708568802636, "label": 0, "type": "negative", "near_mine": null }, "geometry": { "type": "Point", "coordinates": [ 80.607708568802636, 21.110694847103098 ] } },
{ "type": "Feature", "properties": { "lat": 22.453953803428647, "lon": 80.546195688340305, "label": 0, "type": "negative", "near_mine": null }, "geometry": { "type": "Point", "coordinates": [ 80.546195688340305, 22.453953803428647 ] } },
{ "type": "Feature", "properties": { "lat": 21.944097957202892, "lon": 80.89149737796923, "label": 0, "type": "negative", "near_mine": null }, "geometry": { "type": "Point", "coordinates": [ 80.89149737796923, 21.944097957202892 ] } },
{ "type": "Feature", "properties": { "lat": 21.681811597151661, "lon": 80.755116160168129, "label": 0, "type": "negative", "near_mine": null }, "geometry": { "type": "Point", "coordinates": [ 80.755116160168129, 21.681811597151661 ] } },
{ "type": "Feature", "properties": { "lat": 21.876471467884649, "lon": 81.302316020981976, "label": 0, "type": "negative", "near_mine": null }, "geometry": { "type": "Point", "coordinates": [ 81.302316020981976, 21.876471467884649 ] } },
{ "type": "Feature", "properties": { "lat": 21.068169570512186, "lon": 80.061926379184456, "label": 0, "type": "negative", "near_mine": null }, "geometry": { "type": "Point", "coordinates": [ 80.061926379184456, 21.068169570512186 ] } },
{ "type": "Feature", "properties": { "lat": 22.425617226114838, "lon": 81.280527567781832, "label": 0, "type": "negative", "near_mine": null }, "geometry": { "type": "Point", "coordinates": [ 81.280527567781832, 22.425617226114838 ] } },
{ "type": "Feature", "properties": { "lat": 21.683485129178571, "lon": 80.740265195603072, "label": 0, "type": "negative", "near_mine": null }, "geometry": { "type": "Point", "coordinates": [ 80.740265195603072, 21.683485129178571 ] } },
{ "type": "Feature", "properties": { "lat": 21.4160717744717, "lon": 79.876242319447528, "label": 0, "type": "negative", "near_mine": null }, "geometry": { "type": "Point", "coordinates": [ 79.876242319447528, 21.4160717744717 ] } },
{ "type": "Feature", "properties": { "lat": 21.695547607409974, "lon": 80.206704456052108, "label": 0, "type": "negative", "near_mine": null }, "geometry": { "type": "Point", "coordinates": [ 80.206704456052108, 21.695547607409974 ] } },
{ "type": "Feature", "properties": { "lat": 21.875484167776307, "lon": 79.655469273929967, "label": 0, "type": "negative", "near_mine": null }, "geometry": { "type": "Point", "coordinates": [ 79.655469273929967, 21.875484167776307 ] } },
{ "type": "Feature", "properties": { "lat": 22.461592211499251, "lon": 81.472421488959199, "label": 0, "type": "negative", "near_mine": null }, "geometry": { "type": "Point", "coordinates": [ 81.472421488959199, 22.461592211499251 ] } },
{ "type": "Feature", "properties": { "lat": 22.047242571029617, "lon": 80.572192732688237, "label": 0, "type": "negative", "near_mine": null }, "geometry": { "type": "Point", "coordinates": [ 80.572192732688237, 22.047242571029617 ] } },
{ "type": "Feature", "properties": { "lat": 21.46429142442949, "lon": 81.127590039413903, "label": 0, "type": "negative", "near_mine": null }, "geometry": { "type": "Point", "coordinates": [ 81.127590039413903, 21.46429142442949 ] } },
{ "type": "Feature", "properties": { "lat": 22.027096758830819, "lon": 79.825233878689787, "label": 0, "type": "negative", "near_mine": null }, "geometry": { "type": "Point", "coordinates": [ 79.825233878689787, 22.027096758830819 ] } },
{ "type": "Feature", "properties": { "lat": 22.366390776740765, "lon": 81.145074485846337, "label": 0, "type": "negative", "near_mine": null }, "geometry": { "type": "Point", "coordinates": [ 81.145074485846337, 22.366390776740765 ] } },
{ "type": "Feature", "properties": { "lat": 22.424699869937886, "lon": 80.951439016776717, "label": 0, "type": "negative", "near_mine": null }, "geometry": { "type": "Point", "coordinates": [ 80.951439016776717, 22.424699869937886 ] } },
{ "type": "Feature", "properties": { "lat": 21.920122793903683, "lon": 80.336486072581238, "label": 0, "type": "negative", "near_mine": null }, "geometry": { "type": "Point", "coordinates": [ 80.336486072581238, 21.920122793903683 ] } },
{ "type": "Feature", "properties": { "lat": 22.399092725031021, "lon": 81.23212777900082, "label": 0, "type": "negative", "near_mine": null }, "geometry": { "type": "Point", "coordinates": [ 81.23212777900082, 22.399092725031021 ] } },
{ "type": "Feature", "properties": { "lat": 21.067828005159285, "lon": 79.552733948994501, "label": 0, "type": "negative", "near_mine": null }, "geometry": { "type": "Point", "coordinates": [ 79.552733948994501, 21.067828005159285 ] } },
{ "type": "Feature", "properties": { "lat": 21.564695050317074, "lon": 81.121106661563672, "label": 0, "type": "negative", "near_mine": null }, "geometry": { "type": "Point", "coordinates": [ 81.121106661563672, 21.564695050317074 ] } },
{ "type": "Feature", "properties": { "lat": 22.480914193972417, "lon": 79.80083378220705, "label": 0, "type": "negative", "near_mine": null }, "geometry": { "type": "Point", "coordinates": [ 79.80083378220705, 22.480914193972417 ] } },
{ "type": "Feature", "properties": { "lat": 21.891196073028201, "lon": 80.261781713262039, "label": 0, "type": "negative", "near_mine": null }, "geometry": { "type": "Point", "coordinates": [ 80.261781713262039, 21.891196073028201 ] } },
{ "type": "Feature", "properties": { "lat": 22.454871596721905, "lon": 81.184237846271415, "label": 0, "type": "negative", "near_mine": null }, "geometry": { "type": "Point", "coordinates": [ 81.184237846271415, 22.454871596721905 ] } },
{ "type": "Feature", "properties": { "lat": 22.257493057066707, "lon": 80.437386319589947, "label": 0, "type": "negative", "near_mine": null }, "geometry": { "type": "Point", "coordinates": [ 80.437386319589947, 22.257493057066707 ] } },
{ "type": "Feature", "properties": { "lat": 21.622229253506497, "lon": 80.046814143861411, "label": 0, "type": "negative", "near_mine": null }, "geometry": { "type": "Point", "coordinates": [ 80.046814143861411, 21.622229253506497 ] } },
{ "type": "Feature", "properties": { "lat": 21.08456324497639, "lon": 81.229444752510105, "label": 0, "type": "negative", "near_mine": null }, "geometry": { "type": "Point", "coordinates": [ 81.229444752510105, 21.08456324497639 ] } },
{ "type": "Feature", "properties": { "lat": 22.219351513695116, "lon": 81.499435346572255, "label": 0, "type": "negative", "near_mine": null }, "geometry": { "type": "Point", "coordinates": [ 81.499435346572255, 22.219351513695116 ] } },
{ "type": "Feature", "properties": { "lat": 22.494955255610858, "lon": 80.610863411205258, "label": 0, "type": "negative", "near_mine": null }, "geometry": { "type": "Point", "coordinates": [ 80.610863411205258, 22.494955255610858 ] } },
{ "type": "Feature", "properties": { "lat": 22.153481122770767, "lon": 81.389531459764854, "label": 0, "type": "negative", "near_mine": null }, "geometry": { "type": "Point", "coordinates": [ 81.389531459764854, 22.153481122770767 ] } },
{ "type": "Feature", "properties": { "lat": 22.274471086016117, "lon": 79.994696203486399, "label": 0, "type": "negative", "near_mine": null }, "geometry": { "type": "Point", "coordinates": [ 79.994696203486399, 22.274471086016117 ] } },
{ "type": "Feature", "properties": { "lat": 22.431076540888085, "lon": 80.712349268901761, "label": 0, "type": "negative", "near_mine": null }, "geometry": { "type": "Point", "coordinates": [ 80.712349268901761, 22.431076540888085 ] } },
{ "type": "Feature", "properties": { "lat": 21.342964208255193, "lon": 80.843401368811712, "label": 0, "type": "negative", "near_mine": null }, "geometry": { "type": "Point", "coordinates": [ 80.843401368811712, 21.342964208255193 ] } },
{ "type": "Feature", "properties": { "lat": 21.927192360686846, "lon": 80.216325436065688, "label": 0, "type": "negative", "near_mine": null }, "geometry": { "type": "Point", "coordinates": [ 80.216325436065688, 21.927192360686846 ] } },
{ "type": "Feature", "properties": { "lat": 21.170336388299443, "lon": 80.843146391185599, "label": 0, "type": "negative", "near_mine": null }, "geometry": { "type": "Point", "coordinates": [ 80.843146391185599, 21.170336388299443 ] } },
{ "type": "Feature", "properties": { "lat": 21.780461551355689, "lon": 81.044636783471276, "label": 0, "type": "negative", "near_mine": null }, "geometry": { "type": "Point", "coordinates": [ 81.044636783471276, 21.780461551355689 ] } },
{ "type": "Feature", "properties": { "lat": 21.780245251667989, "lon": 81.204363000637073, "label": 0, "type": "negative", "near_mine": null }, "geometry": { "type": "Point", "coordinates": [ 81.204363000637073, 21.780245251667989 ] } },
{ "type": "Feature", "properties": { "lat": 21.827860258161728, "lon": 80.621875943070776, "label": 0, "type": "negative", "near_mine": null }, "geometry": { "type": "Point", "coordinates": [ 80.621875943070776, 21.827860258161728 ] } },
{ "type": "Feature", "properties": { "lat": 22.314980403987519, "lon": 80.3069657324248, "label": 0, "type": "negative", "near_mine": null }, "geometry": { "type": "Point", "coordinates": [ 80.3069657324248, 22.314980403987519 ] } },
{ "type": "Feature", "properties": { "lat": 21.201022842675961, "lon": 79.557565352626682, "label": 0, "type": "negative", "near_mine": null }, "geometry": { "type": "Point", "coordinates": [ 79.557565352626682, 21.201022842675961 ] } },
{ "type": "Feature", "properties": { "lat": 22.132705883510429, "lon": 80.74061910270693, "label": 0, "type": "negative", "near_mine": null }, "geometry": { "type": "Point", "coordinates": [ 80.74061910270693, 22.132705883510429 ] } },
{ "type": "Feature", "properties": { "lat": 22.056119652148837, "lon": 79.925928323017828, "label": 0, "type": "negative", "near_mine": null }, "geometry": { "type": "Point", "coordinates": [ 79.925928323017828, 22.056119652148837 ] } },
{ "type": "Feature", "properties": { "lat": 21.204557213380156, "lon": 79.529089331335769, "label": 0, "type": "negative", "near_mine": null }, "geometry": { "type": "Point", "coordinates": [ 79.529089331335769, 21.204557213380156 ] } },
{ "type": "Feature", "properties": { "lat": 21.525881338209896, "lon": 80.679835373709267, "label": 0, "type": "negative", "near_mine": null }, "geometry": { "type": "Point", "coordinates": [ 80.679835373709267, 21.525881338209896 ] } },
{ "type": "Feature", "properties": { "lat": 21.588366067649599, "lon": 80.374949844047464, "label": 0, "type": "negative", "near_mine": null }, "geometry": { "type": "Point", "coordinates": [ 80.374949844047464, 21.588366067649599 ] } },
{ "type": "Feature", "properties": { "lat": 22.356238041740621, "lon": 80.1965109340466, "label": 0, "type": "negative", "near_mine": null }, "geometry": { "type": "Point", "coordinates": [ 80.1965109340466, 22.356238041740621 ] } },
{ "type": "Feature", "properties": { "lat": 21.770984233739718, "lon": 81.067306025482281, "label": 0, "type": "negative", "near_mine": null }, "geometry": { "type": "Point", "coordinates": [ 81.067306025482281, 21.770984233739718 ] } },
{ "type": "Feature", "properties": { "lat": 21.594814173481904, "lon": 80.74417340045575, "label": 0, "type": "negative", "near_mine": null }, "geometry": { "type": "Point", "coordinates": [ 80.74417340045575, 21.594814173481904 ] } },
{ "type": "Feature", "properties": { "lat": 22.293545563120119, "lon": 81.399041247315282, "label": 0, "type": "negative", "near_mine": null }, "geometry": { "type": "Point", "coordinates": [ 81.399041247315282, 22.293545563120119 ] } },
{ "type": "Feature", "properties": { "lat": 21.220610221393557, "lon": 81.353175250322991, "label": 0, "type": "negative", "near_mine": null }, "geometry": { "type": "Point", "coordinates": [ 81.353175250322991, 21.220610221393557 ] } },
{ "type": "Feature", "properties": { "lat": 21.738174439619307, "lon": 80.01648877659791, "label": 0, "type": "negative", "near_mine": null }, "geometry": { "type": "Point", "coordinates": [ 80.01648877659791, 21.738174439619307 ] } },
{ "type": "Feature", "properties": { "lat": 21.688703634357392, "lon": 81.460065150570955, "label": 0, "type": "negative", "near_mine": null }, "geometry": { "type": "Point", "coordinates": [ 81.460065150570955, 21.688703634357392 ] } },
{ "type": "Feature", "properties": { "lat": 21.950101281475089, "lon": 79.980291237556386, "label": 0, "type": "negative", "near_mine": null }, "geometry": { "type": "Point", "coordinates": [ 79.980291237556386, 21.950101281475089 ] } },
{ "type": "Feature", "properties": { "lat": 21.113794992162997, "lon": 79.7577594438213, "label": 0, "type": "negative", "near_mine": null }, "geometry": { "type": "Point", "coordinates": [ 79.7577594438213, 21.113794992162997 ] } },
{ "type": "Feature", "properties": { "lat": 21.192068758436658, "lon": 79.803805387024582, "label": 0, "type": "negative", "near_mine": null }, "geometry": { "type": "Point", "coordinates": [ 79.803805387024582, 21.192068758436658 ] } },
{ "type": "Feature", "properties": { "lat": 21.208240758974114, "lon": 80.781749489606426, "label": 0, "type": "negative", "near_mine": null }, "geometry": { "type": "Point", "coordinates": [ 80.781749489606426, 21.208240758974114 ] } },
{ "type": "Feature", "properties": { "lat": 21.272820126598717, "lon": 80.191334566647726, "label": 0, "type": "negative", "near_mine": null }, "geometry": { "type": "Point", "coordinates": [ 80.191334566647726, 21.272820126598717 ] } },
{ "type": "Feature", "properties": { "lat": 22.345182614859016, "lon": 80.447923280525742, "label": 0, "type": "negative", "near_mine": null }, "geometry": { "type": "Point", "coordinates": [ 80.447923280525742, 22.345182614859016 ] } },
{ "type": "Feature", "properties": { "lat": 22.001336607781539, "lon": 79.84463974240326, "label": 0, "type": "negative", "near_mine": null }, "geometry": { "type": "Point", "coordinates": [ 79.84463974240326, 22.001336607781539 ] } },
{ "type": "Feature", "properties": { "lat": 21.288433528213005, "lon": 79.581737232532959, "label": 0, "type": "negative", "near_mine": null }, "geometry": { "type": "Point", "coordinates": [ 79.581737232532959, 21.288433528213005 ] } },
{ "type": "Feature", "properties": { "lat": 21.253402594608247, "lon": 80.057180678063915, "label": 0, "type": "negative", "near_mine": null }, "geometry": { "type": "Point", "coordinates": [ 80.057180678063915, 21.253402594608247 ] } },
{ "type": "Feature", "properties": { "lat": 21.265515726415121, "lon": 79.677405067514115, "label": 0, "type": "negative", "near_mine": null }, "geometry": { "type": "Point", "coordinates": [ 79.677405067514115, 21.265515726415121 ] } },
{ "type": "Feature", "properties": { "lat": 21.180953806650901, "lon": 80.42155753606545, "label": 0, "type": "negative", "near_mine": null }, "geometry": { "type": "Point", "coordinates": [ 80.42155753606545, 21.180953806650901 ] } },
{ "type": "Feature", "properties": { "lat": 21.309500577608688, "lon": 80.228539722096144, "label": 0, "type": "negative", "near_mine": null }, "geometry": { "type": "Point", "coordinates": [ 80.228539722096144, 21.309500577608688 ] } },
{ "type": "Feature", "properties": { "lat": 21.755125906282284, "lon": 80.880789657258731, "label": 0, "type": "negative", "near_mine": null }, "geometry": { "type": "Point", "coordinates": [ 80.880789657258731, 21.755125906282284 ] } },
{ "type": "Feature", "properties": { "lat": 21.058968209761648, "lon": 81.098820797818092, "label": 0, "type": "negative", "near_mine": null }, "geometry": { "type": "Point", "coordinates": [ 81.098820797818092, 21.058968209761648 ] } },
{ "type": "Feature", "properties": { "lat": 21.941850584236363, "lon": 79.66351806389774, "label": 0, "type": "negative", "near_mine": null }, "geometry": { "type": "Point", "coordinates": [ 79.66351806389774, 21.941850584236363 ] } },
{ "type": "Feature", "properties": { "lat": 22.310367936160166, "lon": 81.341744801063626, "label": 0, "type": "negative", "near_mine": null }, "geometry": { "type": "Point", "coordinates": [ 81.341744801063626, 22.310367936160166 ] } },
{ "type": "Feature", "properties": { "lat": 21.091616939782295, "lon": 80.053755296294412, "label": 0, "type": "negative", "near_mine": null }, "geometry": { "type": "Point", "coordinates": [ 80.053755296294412, 21.091616939782295 ] } },
{ "type": "Feature", "properties": { "lat": 22.209301919689594, "lon": 80.99651938076731, "label": 0, "type": "negative", "near_mine": null }, "geometry": { "type": "Point", "coordinates": [ 80.99651938076731, 22.209301919689594 ] } },
{ "type": "Feature", "properties": { "lat": 21.276781529034565, "lon": 79.91869864667342, "label": 0, "type": "negative", "near_mine": null }, "geometry": { "type": "Point", "coordinates": [ 79.91869864667342, 21.276781529034565 ] } },
{ "type": "Feature", "properties": { "lat": 21.555708154187073, "lon": 80.469045970382041, "label": 0, "type": "negative", "near_mine": null }, "geometry": { "type": "Point", "coordinates": [ 80.469045970382041, 21.555708154187073 ] } },
{ "type": "Feature", "properties": { "lat": 21.927382157295444, "lon": 80.237827279139552, "label": 0, "type": "negative", "near_mine": null }, "geometry": { "type": "Point", "coordinates": [ 80.237827279139552, 21.927382157295444 ] } },
{ "type": "Feature", "properties": { "lat": 21.693802074199724, "lon": 80.994941876267518, "label": 0, "type": "negative", "near_mine": null }, "geometry": { "type": "Point", "coordinates": [ 80.994941876267518, 21.693802074199724 ] } },
{ "type": "Feature", "properties": { "lat": 21.055024804335897, "lon": 80.004873888688039, "label": 0, "type": "negative", "near_mine": null }, "geometry": { "type": "Point", "coordinates": [ 80.004873888688039, 21.055024804335897 ] } },
{ "type": "Feature", "properties": { "lat": 22.07002437882683, "lon": 81.290413675374396, "label": 0, "type": "negative", "near_mine": null }, "geometry": { "type": "Point", "coordinates": [ 81.290413675374396, 22.07002437882683 ] } },
{ "type": "Feature", "properties": { "lat": 21.7675161631735, "lon": 80.564226970530626, "label": 0, "type": "negative", "near_mine": null }, "geometry": { "type": "Point", "coordinates": [ 80.564226970530626, 21.7675161631735 ] } },
{ "type": "Feature", "properties": { "lat": 21.160758017009663, "lon": 80.394824733646914, "label": 0, "type": "negative", "near_mine": null }, "geometry": { "type": "Point", "coordinates": [ 80.394824733646914, 21.160758017009663 ] } },
{ "type": "Feature", "properties": { "lat": 21.798925899682533, "lon": 79.984941007269455, "label": 0, "type": "negative", "near_mine": null }, "geometry": { "type": "Point", "coordinates": [ 79.984941007269455, 21.798925899682533 ] } },
{ "type": "Feature", "properties": { "lat": 21.403864846424071, "lon": 80.254568326209238, "label": 0, "type": "negative", "near_mine": null }, "geometry": { "type": "Point", "coordinates": [ 80.254568326209238, 21.403864846424071 ] } },
{ "type": "Feature", "properties": { "lat": 21.03010679666659, "lon": 80.144158331166352, "label": 0, "type": "negative", "near_mine": null }, "geometry": { "type": "Point", "coordinates": [ 80.144158331166352, 21.03010679666659 ] } },
{ "type": "Feature", "properties": { "lat": 21.317172010494819, "lon": 80.154994704355829, "label": 0, "type": "negative", "near_mine": null }, "geometry": { "type": "Point", "coordinates": [ 80.154994704355829, 21.317172010494819 ] } },
{ "type": "Feature", "properties": { "lat": 21.179643197728875, "lon": 81.281054561479792, "label": 0, "type": "negative", "near_mine": null }, "geometry": { "type": "Point", "coordinates": [ 81.281054561479792, 21.179643197728875 ] } },
{ "type": "Feature", "properties": { "lat": 21.890388680331071, "lon": 80.858204638288981, "label": 0, "type": "negative", "near_mine": null }, "geometry": { "type": "Point", "coordinates": [ 80.858204638288981, 21.890388680331071 ] } },
{ "type": "Feature", "properties": { "lat": 22.183756857911007, "lon": 80.496884397858111, "label": 0, "type": "negative", "near_mine": null }, "geometry": { "type": "Point", "coordinates": [ 80.496884397858111, 22.183756857911007 ] } },
{ "type": "Feature", "properties": { "lat": 21.130380432131137, "lon": 80.57421308363709, "label": 0, "type": "negative", "near_mine": null }, "geometry": { "type": "Point", "coordinates": [ 80.57421308363709, 21.130380432131137 ] } },
{ "type": "Feature", "properties": { "lat": 21.880261677031317, "lon": 80.99087894836866, "label": 0, "type": "negative", "near_mine": null }, "geometry": { "type": "Point", "coordinates": [ 80.99087894836866, 21.880261677031317 ] } },
{ "type": "Feature", "properties": { "lat": 21.425663858698087, "lon": 80.226164592797275, "label": 0, "type": "negative", "near_mine": null }, "geometry": { "type": "Point", "coordinates": [ 80.226164592797275, 21.425663858698087 ] } },
{ "type": "Feature", "properties": { "lat": 21.9688758619974, "lon": 80.641556609337826, "label": 0, "type": "negative", "near_mine": null }, "geometry": { "type": "Point", "coordinates": [ 80.641556609337826, 21.9688758619974 ] } },
{ "type": "Feature", "properties": { "lat": 21.53414508884677, "lon": 81.473030497585953, "label": 0, "type": "negative", "near_mine": null }, "geometry": { "type": "Point", "coordinates": [ 81.473030497585953, 21.53414508884677 ] } },
{ "type": "Feature", "properties": { "lat": 21.908662229035329, "lon": 79.974453583471984, "label": 0, "type": "negative", "near_mine": null }, "geometry": { "type": "Point", "coordinates": [ 79.974453583471984, 21.908662229035329 ] } },
{ "type": "Feature", "properties": { "lat": 21.152673708930607, "lon": 79.805718278368659, "label": 0, "type": "negative", "near_mine": null }, "geometry": { "type": "Point", "coordinates": [ 79.805718278368659, 21.152673708930607 ] } },
{ "type": "Feature", "properties": { "lat": 21.368936592576762, "lon": 79.821362746519114, "label": 0, "type": "negative", "near_mine": null }, "geometry": { "type": "Point", "coordinates": [ 79.821362746519114, 21.368936592576762 ] } },
{ "type": "Feature", "properties": { "lat": 21.27985053607696, "lon": 80.0701903373877, "label": 0, "type": "negative", "near_mine": null }, "geometry": { "type": "Point", "coordinates": [ 80.0701903373877, 21.27985053607696 ] } },
{ "type": "Feature", "properties": { "lat": 21.260060392942133, "lon": 81.293530849252846, "label": 0, "type": "negative", "near_mine": null }, "geometry": { "type": "Point", "coordinates": [ 81.293530849252846, 21.260060392942133 ] } },
{ "type": "Feature", "properties": { "lat": 21.120350618492463, "lon": 80.549022779140515, "label": 0, "type": "negative", "near_mine": null }, "geometry": { "type": "Point", "coordinates": [ 80.549022779140515, 21.120350618492463 ] } },
{ "type": "Feature", "properties": { "lat": 21.615595240484492, "lon": 81.46475723381721, "label": 0, "type": "negative", "near_mine": null }, "geometry": { "type": "Point", "coordinates": [ 81.46475723381721, 21.615595240484492 ] } },
{ "type": "Feature", "properties": { "lat": 21.168058353252079, "lon": 80.295711198091482, "label": 0, "type": "negative", "near_mine": null }, "geometry": { "type": "Point", "coordinates": [ 80.295711198091482, 21.168058353252079 ] } },
{ "type": "Feature", "properties": { "lat": 22.454205649913053, "lon": 81.231014251787954, "label": 0, "type": "negative", "near_mine": null }, "geometry": { "type": "Point", "coordinates": [ 81.231014251787954, 22.454205649913053 ] } },
{ "type": "Feature", "properties": { "lat": 22.22560810642392, "lon": 80.015805654089874, "label": 0, "type": "negative", "near_mine": null }, "geometry": { "type": "Point", "coordinates": [ 80.015805654089874, 22.22560810642392 ] } },
{ "type": "Feature", "properties": { "lat": 21.256331381085097, "lon": 80.837286439848867, "label": 0, "type": "negative", "near_mine": null }, "geometry": { "type": "Point", "coordinates": [ 80.837286439848867, 21.256331381085097 ] } },
{ "type": "Feature", "properties": { "lat": 22.394063983691378, "lon": 80.613525786027864, "label": 0, "type": "negative", "near_mine": null }, "geometry": { "type": "Point", "coordinates": [ 80.613525786027864, 22.394063983691378 ] } },
{ "type": "Feature", "properties": { "lat": 21.857419034204849, "lon": 80.059958187320575, "label": 0, "type": "negative", "near_mine": null }, "geometry": { "type": "Point", "coordinates": [ 80.059958187320575, 21.857419034204849 ] } },
{ "type": "Feature", "properties": { "lat": 22.154239399787905, "lon": 79.874087497115042, "label": 0, "type": "negative", "near_mine": null }, "geometry": { "type": "Point", "coordinates": [ 79.874087497115042, 22.154239399787905 ] } },
{ "type": "Feature", "properties": { "lat": 21.485518854606365, "lon": 80.350872877232831, "label": 0, "type": "negative", "near_mine": null }, "geometry": { "type": "Point", "coordinates": [ 80.350872877232831, 21.485518854606365 ] } },
{ "type": "Feature", "properties": { "lat": 21.761415568026681, "lon": 79.984819464830167, "label": 0, "type": "negative", "near_mine": null }, "geometry": { "type": "Point", "coordinates": [ 79.984819464830167, 21.761415568026681 ] } },
{ "type": "Feature", "properties": { "lat": 21.172255237108807, "lon": 80.721240084883263, "label": 0, "type": "negative", "near_mine": null }, "geometry": { "type": "Point", "coordinates": [ 80.721240084883263, 21.172255237108807 ] } },
{ "type": "Feature", "properties": { "lat": 21.432945829860383, "lon": 80.662476442845218, "label": 0, "type": "negative", "near_mine": null }, "geometry": { "type": "Point", "coordinates": [ 80.662476442845218, 21.432945829860383 ] } },
{ "type": "Feature", "properties": { "lat": 21.231544072911305, "lon": 80.462280203709639, "label": 0, "type": "negative", "near_mine": null }, "geometry": { "type": "Point", "coordinates": [ 80.462280203709639, 21.231544072911305 ] } },
{ "type": "Feature", "properties": { "lat": 21.79888414882738, "lon": 79.603647073644851, "label": 0, "type": "negative", "near_mine": null }, "geometry": { "type": "Point", "coordinates": [ 79.603647073644851, 21.79888414882738 ] } },
{ "type": "Feature", "properties": { "lat": 21.504906417290879, "lon": 79.768829353877948, "label": 0, "type": "negative", "near_mine": null }, "geometry": { "type": "Point", "coordinates": [ 79.768829353877948, 21.504906417290879 ] } },
{ "type": "Feature", "properties": { "lat": 21.095062455709151, "lon": 81.479920464779894, "label": 0, "type": "negative", "near_mine": null }, "geometry": { "type": "Point", "coordinates": [ 81.479920464779894, 21.095062455709151 ] } },
{ "type": "Feature", "properties": { "lat": 21.483530767462085, "lon": 81.119748891709264, "label": 0, "type": "negative", "near_mine": null }, "geometry": { "type": "Point", "coordinates": [ 81.119748891709264, 21.483530767462085 ] } },
{ "type": "Feature", "properties": { "lat": 21.381960982145646, "lon": 80.863005444447865, "label": 0, "type": "negative", "near_mine": null }, "geometry": { "type": "Point", "coordinates": [ 80.863005444447865, 21.381960982145646 ] } },
{ "type": "Feature", "properties": { "lat": 22.14034178983453, "lon": 80.691277481215693, "label": 0, "type": "negative", "near_mine": null }, "geometry": { "type": "Point", "coordinates": [ 80.691277481215693, 22.14034178983453 ] } },
{ "type": "Feature", "properties": { "lat": 21.707364282825239, "lon": 80.323681828294539, "label": 0, "type": "negative", "near_mine": null }, "geometry": { "type": "Point", "coordinates": [ 80.323681828294539, 21.707364282825239 ] } },
{ "type": "Feature", "properties": { "lat": 21.523302399814494, "lon": 81.359058288495646, "label": 0, "type": "negative", "near_mine": null }, "geometry": { "type": "Point", "coordinates": [ 81.359058288495646, 21.523302399814494 ] } },
{ "type": "Feature", "properties": { "lat": 22.245929111681594, "lon": 81.430053821333019, "label": 0, "type": "negative", "near_mine": null }, "geometry": { "type": "Point", "coordinates": [ 81.430053821333019, 22.245929111681594 ] } },
{ "type": "Feature", "properties": { "lat": 21.186445835228316, "lon": 80.961734950407291, "label": 0, "type": "negative", "near_mine": null }, "geometry": { "type": "Point", "coordinates": [ 80.961734950407291, 21.186445835228316 ] } },
{ "type": "Feature", "properties": { "lat": 22.407510685231557, "lon": 79.862466132331321, "label": 0, "type": "negative", "near_mine": null }, "geometry": { "type": "Point", "coordinates": [ 79.862466132331321, 22.407510685231557 ] } },
{ "type": "Feature", "properties": { "lat": 21.099744401050167, "lon": 80.982241298580121, "label": 0, "type": "negative", "near_mine": null }, "geometry": { "type": "Point", "coordinates": [ 80.982241298580121, 21.099744401050167 ] } },
{ "type": "Feature", "properties": { "lat": 21.861709669769869, "lon": 81.183657553516539, "label": 0, "type": "negative", "near_mine": null }, "geometry": { "type": "Point", "coordinates": [ 81.183657553516539, 21.861709669769869 ] } },
{ "type": "Feature", "properties": { "lat": 21.209658564939435, "lon": 81.090534623719776, "label": 0, "type": "negative", "near_mine": null }, "geometry": { "type": "Point", "coordinates": [ 81.090534623719776, 21.209658564939435 ] } },
{ "type": "Feature", "properties": { "lat": 21.302440980071616, "lon": 79.827311885731405, "label": 0, "type": "negative", "near_mine": null }, "geometry": { "type": "Point", "coordinates": [ 79.827311885731405, 21.302440980071616 ] } },
{ "type": "Feature", "properties": { "lat": 21.246398696896488, "lon": 81.129149440462768, "label": 0, "type": "negative", "near_mine": null }, "geometry": { "type": "Point", "coordinates": [ 81.129149440462768, 21.246398696896488 ] } },
{ "type": "Feature", "properties": { "lat": 21.9977958310443, "lon": 80.546130849538244, "label": 0, "type": "negative", "near_mine": null }, "geometry": { "type": "Point", "coordinates": [ 80.546130849538244, 21.9977958310443 ] } },
{ "type": "Feature", "properties": { "lat": 21.538245726185252, "lon": 81.254401081626213, "label": 0, "type": "negative", "near_mine": null }, "geometry": { "type": "Point", "coordinates": [ 81.254401081626213, 21.538245726185252 ] } },
{ "type": "Feature", "properties": { "lat": 21.588667661133954, "lon": 81.133198878943148, "label": 0, "type": "negative", "near_mine": null }, "geometry": { "type": "Point", "coordinates": [ 81.133198878943148, 21.588667661133954 ] } },
{ "type": "Feature", "properties": { "lat": 21.658702362855326, "lon": 80.25388885884982, "label": 0, "type": "negative", "near_mine": null }, "geometry": { "type": "Point", "coordinates": [ 80.25388885884982, 21.658702362855326 ] } },
{ "type": "Feature", "properties": { "lat": 21.694019678504411, "lon": 80.102755748328278, "label": 0, "type": "negative", "near_mine": null }, "geometry": { "type": "Point", "coordinates": [ 80.102755748328278, 21.694019678504411 ] } },
{ "type": "Feature", "properties": { "lat": 22.121414070264375, "lon": 80.505440780184955, "label": 0, "type": "negative", "near_mine": null }, "geometry": { "type": "Point", "coordinates": [ 80.505440780184955, 22.121414070264375 ] } },
{ "type": "Feature", "properties": { "lat": 21.348319042720227, "lon": 81.299149146549141, "label": 0, "type": "negative", "near_mine": null }, "geometry": { "type": "Point", "coordinates": [ 81.299149146549141, 21.348319042720227 ] } },
{ "type": "Feature", "properties": { "lat": 21.575836832059817, "lon": 80.587105722227975, "label": 0, "type": "negative", "near_mine": null }, "geometry": { "type": "Point", "coordinates": [ 80.587105722227975, 21.575836832059817 ] } },
{ "type": "Feature", "properties": { "lat": 22.359708166446822, "lon": 80.748475991827988, "label": 0, "type": "negative", "near_mine": null }, "geometry": { "type": "Point", "coordinates": [ 80.748475991827988, 22.359708166446822 ] } },
{ "type": "Feature", "properties": { "lat": 21.175347061062546, "lon": 81.379664247226955, "label": 0, "type": "negative", "near_mine": null }, "geometry": { "type": "Point", "coordinates": [ 81.379664247226955, 21.175347061062546 ] } },
{ "type": "Feature", "properties": { "lat": 21.941562079607127, "lon": 80.169811229314178, "label": 0, "type": "negative", "near_mine": null }, "geometry": { "type": "Point", "coordinates": [ 80.169811229314178, 21.941562079607127 ] } },
{ "type": "Feature", "properties": { "lat": 21.208908108995082, "lon": 81.088050378540586, "label": 0, "type": "negative", "near_mine": null }, "geometry": { "type": "Point", "coordinates": [ 81.088050378540586, 21.208908108995082 ] } },
{ "type": "Feature", "properties": { "lat": 21.930109133892771, "lon": 80.566922183952641, "label": 0, "type": "negative", "near_mine": null }, "geometry": { "type": "Point", "coordinates": [ 80.566922183952641, 21.930109133892771 ] } },
{ "type": "Feature", "properties": { "lat": 22.340838874576438, "lon": 81.077194422449068, "label": 0, "type": "negative", "near_mine": null }, "geometry": { "type": "Point", "coordinates": [ 81.077194422449068, 22.340838874576438 ] } },
{ "type": "Feature", "properties": { "lat": 21.227512319599128, "lon": 80.1234441355911, "label": 0, "type": "negative", "near_mine": null }, "geometry": { "type": "Point", "coordinates": [ 80.1234441355911, 21.227512319599128 ] } },
{ "type": "Feature", "properties": { "lat": 21.3727337097217, "lon": 80.98789258514536, "label": 0, "type": "negative", "near_mine": null }, "geometry": { "type": "Point", "coordinates": [ 80.98789258514536, 21.3727337097217 ] } },
{ "type": "Feature", "properties": { "lat": 21.05029865210367, "lon": 80.639779369742627, "label": 0, "type": "negative", "near_mine": null }, "geometry": { "type": "Point", "coordinates": [ 80.639779369742627, 21.05029865210367 ] } },
{ "type": "Feature", "properties": { "lat": 22.143688028611034, "lon": 81.253531273523492, "label": 0, "type": "negative", "near_mine": null }, "geometry": { "type": "Point", "coordinates": [ 81.253531273523492, 22.143688028611034 ] } },
{ "type": "Feature", "properties": { "lat": 21.513122623073862, "lon": 81.142514609344019, "label": 0, "type": "negative", "near_mine": null }, "geometry": { "type": "Point", "coordinates": [ 81.142514609344019, 21.513122623073862 ] } },
{ "type": "Feature", "properties": { "lat": 21.165947605432812, "lon": 81.19290458346903, "label": 0, "type": "negative", "near_mine": null }, "geometry": { "type": "Point", "coordinates": [ 81.19290458346903, 21.165947605432812 ] } },
{ "type": "Feature", "properties": { "lat": 21.191232993497973, "lon": 80.294574581120742, "label": 0, "type": "negative", "near_mine": null }, "geometry": { "type": "Point", "coordinates": [ 80.294574581120742, 21.191232993497973 ] } },
{ "type": "Feature", "properties": { "lat": 22.195943048669331, "lon": 79.799834854697551, "label": 0, "type": "negative", "near_mine": null }, "geometry": { "type": "Point", "coordinates": [ 79.799834854697551, 22.195943048669331 ] } },
{ "type": "Feature", "properties": { "lat": 21.343877092848963, "lon": 80.944505136786134, "label": 0, "type": "negative", "near_mine": null }, "geometry": { "type": "Point", "coordinates": [ 80.944505136786134, 21.343877092848963 ] } },
{ "type": "Feature", "properties": { "lat": 22.080054804819113, "lon": 80.7822952657706, "label": 0, "type": "negative", "near_mine": null }, "geometry": { "type": "Point", "coordinates": [ 80.7822952657706, 22.080054804819113 ] } },
{ "type": "Feature", "properties": { "lat": 22.040922666700649, "lon": 80.58544888669519, "label": 0, "type": "negative", "near_mine": null }, "geometry": { "type": "Point", "coordinates": [ 80.58544888669519, 22.040922666700649 ] } },
{ "type": "Feature", "properties": { "lat": 21.377698588360428, "lon": 80.191391987007833, "label": 0, "type": "negative", "near_mine": null }, "geometry": { "type": "Point", "coordinates": [ 80.191391987007833, 21.377698588360428 ] } },
{ "type": "Feature", "properties": { "lat": 21.272396575202137, "lon": 81.316901122667261, "label": 0, "type": "negative", "near_mine": null }, "geometry": { "type": "Point", "coordinates": [ 81.316901122667261, 21.272396575202137 ] } },
{ "type": "Feature", "properties": { "lat": 21.875087692149179, "lon": 80.301702833527287, "label": 0, "type": "negative", "near_mine": null }, "geometry": { "type": "Point", "coordinates": [ 80.301702833527287, 21.875087692149179 ] } },
{ "type": "Feature", "properties": { "lat": 21.693008705466198, "lon": 81.39456667922363, "label": 0, "type": "negative", "near_mine": null }, "geometry": { "type": "Point", "coordinates": [ 81.39456667922363, 21.693008705466198 ] } },
{ "type": "Feature", "properties": { "lat": 21.230027104674122, "lon": 80.672459664033596, "label": 0, "type": "negative", "near_mine": null }, "geometry": { "type": "Point", "coordinates": [ 80.672459664033596, 21.230027104674122 ] } },
{ "type": "Feature", "properties": { "lat": 21.758833018326698, "lon": 80.722908470869299, "label": 0, "type": "negative", "near_mine": null }, "geometry": { "type": "Point", "coordinates": [ 80.722908470869299, 21.758833018326698 ] } },
{ "type": "Feature", "properties": { "lat": 21.02716527573126, "lon": 81.244247817888308, "label": 0, "type": "negative", "near_mine": null }, "geometry": { "type": "Point", "coordinates": [ 81.244247817888308, 21.02716527573126 ] } },
{ "type": "Feature", "properties": { "lat": 22.398177423725418, "lon": 80.630266367178422, "label": 0, "type": "negative", "near_mine": null }, "geometry": { "type": "Point", "coordinates": [ 80.630266367178422, 22.398177423725418 ] } },
{ "type": "Feature", "properties": { "lat": 22.044976235815337, "lon": 81.344998762354592, "label": 0, "type": "negative", "near_mine": null }, "geometry": { "type": "Point", "coordinates": [ 81.344998762354592, 22.044976235815337 ] } },
{ "type": "Feature", "properties": { "lat": 22.060857951470098, "lon": 79.805078085828526, "label": 0, "type": "negative", "near_mine": null }, "geometry": { "type": "Point", "coordinates": [ 79.805078085828526, 22.060857951470098 ] } },
{ "type": "Feature", "properties": { "lat": 21.86443254025022, "lon": 80.713430092765705, "label": 0, "type": "negative", "near_mine": null }, "geometry": { "type": "Point", "coordinates": [ 80.713430092765705, 21.86443254025022 ] } },
{ "type": "Feature", "properties": { "lat": 21.636196006953579, "lon": 80.972888471249448, "label": 0, "type": "negative", "near_mine": null }, "geometry": { "type": "Point", "coordinates": [ 80.972888471249448, 21.636196006953579 ] } },
{ "type": "Feature", "properties": { "lat": 22.401550522153521, "lon": 81.351137025813557, "label": 0, "type": "negative", "near_mine": null }, "geometry": { "type": "Point", "coordinates": [ 81.351137025813557, 22.401550522153521 ] } },
{ "type": "Feature", "properties": { "lat": 22.4772617984435, "lon": 81.177796172891874, "label": 0, "type": "negative", "near_mine": null }, "geometry": { "type": "Point", "coordinates": [ 81.177796172891874, 22.4772617984435 ] } },
{ "type": "Feature", "properties": { "lat": 21.1869940218049, "lon": 81.341683765234748, "label": 0, "type": "negative", "near_mine": null }, "geometry": { "type": "Point", "coordinates": [ 81.341683765234748, 21.1869940218049 ] } },
{ "type": "Feature", "properties": { "lat": 22.304844543093193, "lon": 80.53767611425215, "label": 0, "type": "negative", "near_mine": null }, "geometry": { "type": "Point", "coordinates": [ 80.53767611425215, 22.304844543093193 ] } },
{ "type": "Feature", "properties": { "lat": 21.886913153617392, "lon": 80.298005407740263, "label": 0, "type": "negative", "near_mine": null }, "geometry": { "type": "Point", "coordinates": [ 80.298005407740263, 21.886913153617392 ] } },
{ "type": "Feature", "properties": { "lat": 21.082142458233047, "lon": 80.170394483291801, "label": 0, "type": "negative", "near_mine": null }, "geometry": { "type": "Point", "coordinates": [ 80.170394483291801, 21.082142458233047 ] } },
{ "type": "Feature", "properties": { "lat": 22.204280172897018, "lon": 79.509264046009207, "label": 0, "type": "negative", "near_mine": null }, "geometry": { "type": "Point", "coordinates": [ 79.509264046009207, 22.204280172897018 ] } },
{ "type": "Feature", "properties": { "lat": 21.500248757536717, "lon": 80.296337387181893, "label": 0, "type": "negative", "near_mine": null }, "geometry": { "type": "Point", "coordinates": [ 80.296337387181893, 21.500248757536717 ] } },
{ "type": "Feature", "properties": { "lat": 21.806093404406884, "lon": 81.339711232825522, "label": 0, "type": "negative", "near_mine": null }, "geometry": { "type": "Point", "coordinates": [ 81.339711232825522, 21.806093404406884 ] } },
{ "type": "Feature", "properties": { "lat": 21.519518991548942, "lon": 80.193906403792454, "label": 0, "type": "negative", "near_mine": null }, "geometry": { "type": "Point", "coordinates": [ 80.193906403792454, 21.519518991548942 ] } },
{ "type": "Feature", "properties": { "lat": 22.106251872164624, "lon": 80.404435881779619, "label": 0, "type": "negative", "near_mine": null }, "geometry": { "type": "Point", "coordinates": [ 80.404435881779619, 22.106251872164624 ] } },
{ "type": "Feature", "properties": { "lat": 21.336907234409974, "lon": 80.404879032265384, "label": 0, "type": "negative", "near_mine": null }, "geometry": { "type": "Point", "coordinates": [ 80.404879032265384, 21.336907234409974 ] } },
{ "type": "Feature", "properties": { "lat": 21.2112855305697, "lon": 79.852773973012447, "label": 0, "type": "negative", "near_mine": null }, "geometry": { "type": "Point", "coordinates": [ 79.852773973012447, 21.2112855305697 ] } },
{ "type": "Feature", "properties": { "lat": 21.74755165910922, "lon": 80.337850899009098, "label": 0, "type": "negative", "near_mine": null }, "geometry": { "type": "Point", "coordinates": [ 80.337850899009098, 21.74755165910922 ] } },
{ "type": "Feature", "properties": { "lat": 22.372268851602151, "lon": 80.224787798233265, "label": 0, "type": "negative", "near_mine": null }, "geometry": { "type": "Point", "coordinates": [ 80.224787798233265, 22.372268851602151 ] } },
{ "type": "Feature", "properties": { "lat": 21.870882525417066, "lon": 80.764528575839066, "label": 0, "type": "negative", "near_mine": null }, "geometry": { "type": "Point", "coordinates": [ 80.764528575839066, 21.870882525417066 ] } },
{ "type": "Feature", "properties": { "lat": 21.019641684882501, "lon": 80.827074744033425, "label": 0, "type": "negative", "near_mine": null }, "geometry": { "type": "Point", "coordinates": [ 80.827074744033425, 21.019641684882501 ] } },
{ "type": "Feature", "properties": { "lat": 21.267053950304629, "lon": 81.422140634938913, "label": 0, "type": "negative", "near_mine": null }, "geometry": { "type": "Point", "coordinates": [ 81.422140634938913, 21.267053950304629 ] } },
{ "type": "Feature", "properties": { "lat": 21.222994091629669, "lon": 80.329248247454046, "label": 0, "type": "negative", "near_mine": null }, "geometry": { "type": "Point", "coordinates": [ 80.329248247454046, 21.222994091629669 ] } },
{ "type": "Feature", "properties": { "lat": 21.128024502117967, "lon": 81.49374850369189, "label": 0, "type": "negative", "near_mine": null }, "geometry": { "type": "Point", "coordinates": [ 81.49374850369189, 21.128024502117967 ] } },
{ "type": "Feature", "properties": { "lat": 21.753292515496863, "lon": 80.690770034640082, "label": 0, "type": "negative", "near_mine": null }, "geometry": { "type": "Point", "coordinates": [ 80.690770034640082, 21.753292515496863 ] } },
{ "type": "Feature", "properties": { "lat": 21.100614716082642, "lon": 80.999920940798361, "label": 0, "type": "negative", "near_mine": null }, "geometry": { "type": "Point", "coordinates": [ 80.999920940798361, 21.100614716082642 ] } },
{ "type": "Feature", "properties": { "lat": 21.31485838964338, "lon": 81.29610857888143, "label": 0, "type": "negative", "near_mine": null }, "geometry": { "type": "Point", "coordinates": [ 81.29610857888143, 21.31485838964338 ] } },
{ "type": "Feature", "properties": { "lat": 21.307709460723011, "lon": 79.881375441327336, "label": 0, "type": "negative", "near_mine": null }, "geometry": { "type": "Point", "coordinates": [ 79.881375441327336, 21.307709460723011 ] } },
{ "type": "Feature", "properties": { "lat": 21.054824501772142, "lon": 80.444133890220002, "label": 0, "type": "negative", "near_mine": null }, "geometry": { "type": "Point", "coordinates": [ 80.444133890220002, 21.054824501772142 ] } },
{ "type": "Feature", "properties": { "lat": 21.847261699893924, "lon": 79.631417278856702, "label": 0, "type": "negative", "near_mine": null }, "geometry": { "type": "Point", "coordinates": [ 79.631417278856702, 21.847261699893924 ] } },
{ "type": "Feature", "properties": { "lat": 22.163291425042516, "lon": 80.406577669496059, "label": 0, "type": "negative", "near_mine": null }, "geometry": { "type": "Point", "coordinates": [ 80.406577669496059, 22.163291425042516 ] } },
{ "type": "Feature", "properties": { "lat": 21.786585403991371, "lon": 80.381525493876453, "label": 0, "type": "negative", "near_mine": null }, "geometry": { "type": "Point", "coordinates": [ 80.381525493876453, 21.786585403991371 ] } },
{ "type": "Feature", "properties": { "lat": 21.601144591312988, "lon": 80.619280662616433, "label": 0, "type": "negative", "near_mine": null }, "geometry": { "type": "Point", "coordinates": [ 80.619280662616433, 21.601144591312988 ] } },
{ "type": "Feature", "properties": { "lat": 21.23286036889607, "lon": 79.863856260990545, "label": 0, "type": "negative", "near_mine": null }, "geometry": { "type": "Point", "coordinates": [ 79.863856260990545, 21.23286036889607 ] } },
{ "type": "Feature", "properties": { "lat": 22.292678431520276, "lon": 81.392230924267267, "label": 0, "type": "negative", "near_mine": null }, "geometry": { "type": "Point", "coordinates": [ 81.392230924267267, 22.292678431520276 ] } },
{ "type": "Feature", "properties": { "lat": 21.559963974419631, "lon": 80.041489346287108, "label": 0, "type": "negative", "near_mine": null }, "geometry": { "type": "Point", "coordinates": [ 80.041489346287108, 21.559963974419631 ] } },
{ "type": "Feature", "properties": { "lat": 21.965999314858525, "lon": 80.317468342196193, "label": 0, "type": "negative", "near_mine": null }, "geometry": { "type": "Point", "coordinates": [ 80.317468342196193, 21.965999314858525 ] } },
{ "type": "Feature", "properties": { "lat": 21.038079533490517, "lon": 79.812305194732375, "label": 0, "type": "negative", "near_mine": null }, "geometry": { "type": "Point", "coordinates": [ 79.812305194732375, 21.038079533490517 ] } },
{ "type": "Feature", "properties": { "lat": 22.073958343271094, "lon": 80.817847883820306, "label": 0, "type": "negative", "near_mine": null }, "geometry": { "type": "Point", "coordinates": [ 80.817847883820306, 22.073958343271094 ] } },
{ "type": "Feature", "properties": { "lat": 21.040643988755225, "lon": 79.943944323865892, "label": 0, "type": "negative", "near_mine": null }, "geometry": { "type": "Point", "coordinates": [ 79.943944323865892, 21.040643988755225 ] } },
{ "type": "Feature", "properties": { "lat": 21.346612194882105, "lon": 80.843785487197451, "label": 0, "type": "negative", "near_mine": null }, "geometry": { "type": "Point", "coordinates": [ 80.843785487197451, 21.346612194882105 ] } },
{ "type": "Feature", "properties": { "lat": 21.029565806631545, "lon": 79.708217163969152, "label": 0, "type": "negative", "near_mine": null }, "geometry": { "type": "Point", "coordinates": [ 79.708217163969152, 21.029565806631545 ] } },
{ "type": "Feature", "properties": { "lat": 22.199874128059783, "lon": 79.857089324108671, "label": 0, "type": "negative", "near_mine": null }, "geometry": { "type": "Point", "coordinates": [ 79.857089324108671, 22.199874128059783 ] } },
{ "type": "Feature", "properties": { "lat": 21.979119161777813, "lon": 79.976365562093449, "label": 0, "type": "negative", "near_mine": null }, "geometry": { "type": "Point", "coordinates": [ 79.976365562093449, 21.979119161777813 ] } },
{ "type": "Feature", "properties": { "lat": 21.149162089139018, "lon": 79.986344381998904, "label": 0, "type": "negative", "near_mine": null }, "geometry": { "type": "Point", "coordinates": [ 79.986344381998904, 21.149162089139018 ] } },
{ "type": "Feature", "properties": { "lat": 22.083400397783489, "lon": 81.211392936212576, "label": 0, "type": "negative", "near_mine": null }, "geometry": { "type": "Point", "coordinates": [ 81.211392936212576, 22.083400397783489 ] } },
{ "type": "Feature", "properties": { "lat": 22.245329796850488, "lon": 80.294367059236905, "label": 0, "type": "negative", "near_mine": null }, "geometry": { "type": "Point", "coordinates": [ 80.294367059236905, 22.245329796850488 ] } }
]
}
